Kol	a74261ae-331a-5a58-a54a-009782523382
Hindák	a74261ae-331a-5a58-a54a-009782523382
Jordan	b7bf2a42-93d2-5a97-91a6-13e4298f5c17
Maslin	da86f5b9-2c04-560a-9ad8-24eba01ef626
Krapov.	82a913b4-e680-5746-892b-55ba0c52c5ed
W.	82a913b4-e680-5746-892b-55ba0c52c5ed
C.	82a913b4-e680-5746-892b-55ba0c52c5ed
Greg.	82a913b4-e680-5746-892b-55ba0c52c5ed
Philpott	73fb07cc-811c-5904-857a-8418d33a6142
Verity	49eed628-775b-50ea-a2cc-ad635259b40f
Evans	97c06a3b-b47e-57dc-b10b-664aabe385f7
Wehrli	45dbafe3-077e-5e8b-82dd-483418cfc2a8
Esper	c44dac78-e34d-55d0-8a27-332f2cf9e016
Meyrick	62042068-9ab5-51b8-84d1-b21b500ff54d
Dufay	9961e48d-d054-5fe7-8528-9c1b680fa138
Butler	a98b987d-a35d-5481-a304-8d46bf0cd50d
Cramer	4af7bf33-3713-5ea4-b682-a2f8d3da3404
Meyrick	1692a742-fe99-5652-b50f-aa61309df962
Turner	5c797625-337a-50a0-8597-c5a322e68464
Noyes	c810945f-1caa-5f4b-b4fc-8c9d9dea42f9
Hayat	7d9d8c55-88ef-5311-99f9-189c3b11b56d
Stepan'yants	05e7187b-c5f1-5642-aa3b-8645d099d38e
Caporiacco	7831e134-a88a-59e5-8e19-feb78a96cf92
Ribeiro	5b8f5c67-db70-5062-aaec-0eede19a988c
Topsent	5ef6ffeb-cf64-5c59-b467-980a01b937ca
Miklucho-Maclay	755cd635-074c-5807-9b25-cda3537beb91
Koehler	eed9d0c8-4185-559a-9751-907521f96a39
Püngeler	1fc73dd9-2657-5878-aba7-84341a424740
Ulbricht	3f07151a-655d-5b24-81d7-033fd0ddca5f
Horstmann	3f3f4467-45bf-583b-83dc-73bd28c16edb
Ashmead	d85d588c-6abc-5922-a080-de4598b3c3ba
Zuniga	9954a742-5457-5f0d-b830-6e918f2a2a4e
Linnaeus	45cba5e3-52db-5fc7-935f-1a902155beea
Daday	bd04a7da-e081-5936-86fe-b035ef3d3abe
Hayman	ed9e5736-0f51-54d9-8c08-23e42938121e
With	c04292ef-ea47-5edf-a99c-a83dd099ae97
Wheeler	5b59d34b-f0a2-54a4-bab4-1b075abeda6e
Benth.	41600e21-3d52-598f-ae37-87e9fdb1f6fd
L.	aa4fce89-fb27-50c3-a965-8fff9c66e2ff
N.	e9f30e51-335f-5813-b2bf-b662ca306868
Kitag.	e9f30e51-335f-5813-b2bf-b662ca306868
Wandolleck	fe5528c3-11d1-5acf-a69f-3f764fc831ae
Spach	cfc50858-b4b5-5c90-9395-2c6db69ab34a
Zabel	a37b2860-87db-5052-8ef2-83db63818d79
Dierb.	05968cb9-8fef-5a18-9e24-68eec028a37f
Linné	1392189f-eae9-508e-a4eb-6bb3b56aef8c
Burmeister	d6e9379d-07d0-5aa2-9731-4be56f4747e0
Ach.	abfc9386-91b0-50a4-b652-7f02d4efef86
J.	abfc9386-91b0-50a4-b652-7f02d4efef86
R.	abfc9386-91b0-50a4-b652-7f02d4efef86
Laundon	abfc9386-91b0-50a4-b652-7f02d4efef86
Werner	c44229ab-0f7d-511d-a5e6-16912c624003
Hale	44cafcb3-ebea-5789-b59b-f1f923228b74
Elix	44cafcb3-ebea-5789-b59b-f1f923228b74
Hale	44cafcb3-ebea-5789-b59b-f1f923228b74
Dieckmann	d49429a1-ed2a-514f-a2cc-48d721a708a5
Schoenherr	d226cd16-ba01-5df0-b7dd-7125a40b0b4a
Schoenherr	6f26c36f-305a-506e-92cc-817e43220341
Casey	c8ac0809-e73a-55c7-b2ce-1cf68a113ced
Olivier	cd142f92-abf8-530f-a81c-613e914eabc2
Budde-Lund	108e20bc-1365-52f8-9cb9-1f092c674508
Soest	782de2fc-1f76-5882-8079-003e29b91f7c
d'Orbigny	f023c5d0-c3cd-5173-a3bf-6493a313dc76
Phil.	99079ea9-829b-58d0-a4fd-04789794ad6b
Dehgan	84c0da2d-0ed5-5d49-8530-5a4f85ed2235
G.	84c0da2d-0ed5-5d49-8530-5a4f85ed2235
L.	84c0da2d-0ed5-5d49-8530-5a4f85ed2235
Webster	84c0da2d-0ed5-5d49-8530-5a4f85ed2235
Elmer	4ddf11c5-e3ab-5841-869b-966856367be3
Höhn.	5c95f318-1109-5b6a-862b-45d72619fc40
Lebert	a52b672b-6b9a-539d-aef1-8fe0af4b7b0f
Maire	a52b672b-6b9a-539d-aef1-8fe0af4b7b0f
Golubev	bb8971b7-e938-5e17-8b42-ea7198f3b8b2
Blagod.	bb8971b7-e938-5e17-8b42-ea7198f3b8b2
Suetin	bb8971b7-e938-5e17-8b42-ea7198f3b8b2
R.	bb8971b7-e938-5e17-8b42-ea7198f3b8b2
S.	bb8971b7-e938-5e17-8b42-ea7198f3b8b2
Trots.	bb8971b7-e938-5e17-8b42-ea7198f3b8b2
Kurtzman	bb8971b7-e938-5e17-8b42-ea7198f3b8b2
M.	bb8971b7-e938-5e17-8b42-ea7198f3b8b2
Suzuki	bb8971b7-e938-5e17-8b42-ea7198f3b8b2
Roberts	f6c45f92-5d7e-58a4-947b-1875b39f6dd0
Snow	d8d7327e-3473-5382-bbd9-8db48e30a173
Snyder	af3f69fe-4f9b-5a3d-9657-468d9e3385a4
Keyl	8039e624-2942-5d97-b7ba-99873047624d
Hendel	a37b5b96-212e-52c9-a1a5-f5a98201e6e2
Sasa	15d0a834-8628-5a4b-bfbd-1385b4fcc8f0
Suzuki	15d0a834-8628-5a4b-bfbd-1385b4fcc8f0
Sakai	15d0a834-8628-5a4b-bfbd-1385b4fcc8f0
Drayton	aeee5323-51ee-5e84-aa14-45b1ee604c35
Milne	aeee5323-51ee-5e84-aa14-45b1ee604c35
Edwards	aeee5323-51ee-5e84-aa14-45b1ee604c35
Kuntze	b6e86dc1-1b46-507f-91da-753ccd5799e2
Baker	cd9c4a17-4495-5a3d-a1a9-fa036cd41797
Ruschka	adae39b1-108b-5634-b74f-491673378e8e
Heikel	a8c75424-6a5e-53ff-8bf2-443d50957309
Hisinger	a8c75424-6a5e-53ff-8bf2-443d50957309
Navás	7db4d134-be14-570c-bc83-7765c58bfc16
Verhoeff	2408bb22-b91e-53c3-8e9d-3a840cd49cbd
Hedwig	02e9a986-21ad-54ba-9922-31e8435e2f98
Blatchley	0d11731a-5a97-5512-b016-7091316d205c
Ganglbauer	56e90e4c-0e91-57cf-b0e4-e393d2fc8317
Melsheimer	3af2b79b-1d31-5fe5-9cec-e0ef96a75bc3
Turnbow	8953e876-65e4-51db-85cd-74da0bbbee87
Cave	8953e876-65e4-51db-85cd-74da0bbbee87
Thomas	8953e876-65e4-51db-85cd-74da0bbbee87
Zimmermann	19bf55ad-23d4-5c70-894b-b3098078b776
Scheele	7fd17305-ee5f-51be-8c34-8f5a9193f11b
Perry	7fd17305-ee5f-51be-8c34-8f5a9193f11b
Karsch	3da2e1d6-7ce7-5fa8-804d-6ea18906e057
Kuntze	ff4109e4-0d0f-58aa-835f-8aaaafffad52
Thouars	d1813976-8793-5b70-b52b-5bd689475a76
Rchb.	0c203b81-bccc-5a17-8a6d-2bbc2254f1e8
A.	0c203b81-bccc-5a17-8a6d-2bbc2254f1e8
H.	0c203b81-bccc-5a17-8a6d-2bbc2254f1e8
Kent	0c203b81-bccc-5a17-8a6d-2bbc2254f1e8
C.	b149f5cb-42fd-57ae-b2b9-a91d027c2a3d
K.	b149f5cb-42fd-57ae-b2b9-a91d027c2a3d
Schneid.	b149f5cb-42fd-57ae-b2b9-a91d027c2a3d
Roem.	8c462baa-7bfd-5a52-bf63-14f5b7888537
Schult.	8c462baa-7bfd-5a52-bf63-14f5b7888537
Becc.	2f47c8b7-1cf6-50e5-a316-c4df4756ae1f
Schltr.	2f47c8b7-1cf6-50e5-a316-c4df4756ae1f
Jord.	97d64e69-fe82-50e1-9051-ca2d5828e394
Planch.	3fa341c7-8fb8-570d-9381-dacca54da7d2
Kunth	de749b75-8e55-5993-9d0b-534217a1e31a
Baker	3f7195d0-7a2c-5c03-9832-c87df32e9c56
Griseb.	bd1b9a3d-2d80-52a0-a124-68020578df7b
Wipff	bd1b9a3d-2d80-52a0-a124-68020578df7b
Herter	1ab2e2be-b204-59e3-9f89-502cb57950e9
Arechav.	1ab2e2be-b204-59e3-9f89-502cb57950e9
Cooke	76817b13-cc67-58ea-92a7-3aa4522e2f59
Harkn.	76817b13-cc67-58ea-92a7-3aa4522e2f59
Sacc.	76817b13-cc67-58ea-92a7-3aa4522e2f59
L.	bbe5485c-bf6b-5b2b-a454-527f61c94c6b
Mérat	bbe5485c-bf6b-5b2b-a454-527f61c94c6b
Alb.	052fd91e-2ca7-54b7-a048-ba916c279cd6
Schwein.	052fd91e-2ca7-54b7-a048-ba916c279cd6
Quél.	052fd91e-2ca7-54b7-a048-ba916c279cd6
Gray	ec748aea-e13d-5fa6-85dd-8fbd1187b009
Boulenger	47661d5b-75ae-52b2-b0b3-02038a35eb66
Bleeker	7ccc1ef7-2144-55d6-b0e1-26f65d70e5eb
Hubbs	7d4dfc77-e062-5b3b-82cd-7577c4dd80b4
Lagler	7d4dfc77-e062-5b3b-82cd-7577c4dd80b4
Chistikov	13bf75c0-bf8a-5eb6-9056-d905054095b0
L.	5cae425f-6608-54f8-854b-44b93f0a3390
Roxb.	5cae425f-6608-54f8-854b-44b93f0a3390
de	0856d4da-3298-5158-8936-f05fbae9f028
Winton	0856d4da-3298-5158-8936-f05fbae9f028
Diakonoff	83947ee7-2f7d-5e24-8267-ad4a74171cf4
Arnaud	d17225dd-42a6-548a-aa3c-dafe71e45fa1
Bomans	d17225dd-42a6-548a-aa3c-dafe71e45fa1
Messuti	bdc540a2-0b0d-52be-9146-48d72848802b
A.	bdc540a2-0b0d-52be-9146-48d72848802b
W.	bdc540a2-0b0d-52be-9146-48d72848802b
Archer	bdc540a2-0b0d-52be-9146-48d72848802b
Staudinger	9502f2af-f7a6-5603-8fb8-7d01a923f704
Tauber	99e5dd1c-ff53-5819-84fb-9362e8aeae90
Tauber	99e5dd1c-ff53-5819-84fb-9362e8aeae90
Sharp	5f6f7713-afc4-545b-9b05-032c8dd85e37
Motschulsky	002571cc-7756-5e5f-997d-dd70f66cf401
T.	cf1d41cb-ee5b-5323-bc3a-48ce7cf00d21
M.	cf1d41cb-ee5b-5323-bc3a-48ce7cf00d21
Barkley	cf1d41cb-ee5b-5323-bc3a-48ce7cf00d21
Valenciennes	db780c7d-b1d4-5cfe-b9f7-46615f494482
Cuvier	db780c7d-b1d4-5cfe-b9f7-46615f494482
Valenciennes	db780c7d-b1d4-5cfe-b9f7-46615f494482
Forster	2ce24b70-5a12-5a36-91ec-8145f984a4c6
Bloch	2ce24b70-5a12-5a36-91ec-8145f984a4c6
Schneider	2ce24b70-5a12-5a36-91ec-8145f984a4c6
R.	0e0aa5dc-d634-5dc8-a59c-e9175e35e985
Bohart	0e0aa5dc-d634-5dc8-a59c-e9175e35e985
Menke	0e0aa5dc-d634-5dc8-a59c-e9175e35e985
Thomas	a2e9ef0a-699b-5bfa-bfa6-0fab54338b31
Dearn.	557def53-f653-5b72-b60b-bdf4b18deae4
Barthol.	557def53-f653-5b72-b60b-bdf4b18deae4
P.	8dca1754-3889-5071-80f0-f75e6696da9e
James	8dca1754-3889-5071-80f0-f75e6696da9e
D.	8dca1754-3889-5071-80f0-f75e6696da9e
J.	8dca1754-3889-5071-80f0-f75e6696da9e
Galloway	8dca1754-3889-5071-80f0-f75e6696da9e
Vain.	ac3fc88b-1c0e-51c7-960d-8d6f604466bb
H.	ac3fc88b-1c0e-51c7-960d-8d6f604466bb
Mayrhofer	ac3fc88b-1c0e-51c7-960d-8d6f604466bb
Lasch	f036bda4-7df1-5f81-8b1e-debbbbf55d4d
Morgan	f55a6b71-744f-5d32-98d9-4621d27e9836
P.	d8436e9d-6d0d-5501-bbf5-4494e3e46277
Karst.	d8436e9d-6d0d-5501-bbf5-4494e3e46277
Trel.	8219c1cd-07a8-5a2a-91a0-4336d4e7883f
Pat.	58bcc3d1-5f8d-5055-9f64-5a4a8eb58fa7
de	ac47abe9-ecf2-59f5-ba90-4c8cc7baff4f
Bary	ac47abe9-ecf2-59f5-ba90-4c8cc7baff4f
Maire	35c1a8fa-6603-57ef-821a-988fcf6031fc
Lasch	aabb31b7-e0e2-50f1-a5c1-2639d0de52eb
Velen.	40da16bf-bd5d-55b2-bb96-9103a7e0e753
Stautz	bf130ce8-64f1-542a-b142-d4ee51547295
Speg.	97e5cf12-ae6d-553e-b7a6-28afb443f459
Hansf.	97e5cf12-ae6d-553e-b7a6-28afb443f459
G.	bf049288-d3ce-5d95-b7b8-ebf8f687904c
Cunn.	bf049288-d3ce-5d95-b7b8-ebf8f687904c
Massee	08164f80-a0a5-5694-9d2d-0c210ce8a8da
Guzmán	08164f80-a0a5-5694-9d2d-0c210ce8a8da
Pat.	24677ab9-66b5-5717-a3e6-1d7074fd9447
Gaillard	24677ab9-66b5-5717-a3e6-1d7074fd9447
Dennis	24677ab9-66b5-5717-a3e6-1d7074fd9447
K.	5dd525c8-c2af-5019-a5ed-58dda6aa2838
B.	5dd525c8-c2af-5019-a5ed-58dda6aa2838
Deshp.	5dd525c8-c2af-5019-a5ed-58dda6aa2838
K.	5dd525c8-c2af-5019-a5ed-58dda6aa2838
S.	5dd525c8-c2af-5019-a5ed-58dda6aa2838
Deshp.	5dd525c8-c2af-5019-a5ed-58dda6aa2838
Stizenb.	665b721d-cd97-5937-a807-06ce82b74018
Bhalla	453fbd01-d8f9-51e6-a926-7a88ac83b8c5
N.	453fbd01-d8f9-51e6-a926-7a88ac83b8c5
Srivast.	453fbd01-d8f9-51e6-a926-7a88ac83b8c5
Kamal	453fbd01-d8f9-51e6-a926-7a88ac83b8c5
Pers.	bde7a422-4743-51b5-ba04-f62c80fc0a1c
Ahrendt	6abaf6b7-18bc-5ec6-8b2d-d08e89839ae7
Griseb.	882e407b-e4cd-5243-a0fe-0d761b195075
Engl.	882e407b-e4cd-5243-a0fe-0d761b195075
Pierre	27671cb6-ba93-5b1c-b8be-dc73a72bbda1
Hutch.	27671cb6-ba93-5b1c-b8be-dc73a72bbda1
Webb	4d114143-04c0-50ea-bde1-d84dc2b9fb98
Christ	4d114143-04c0-50ea-bde1-d84dc2b9fb98
Christ	4d114143-04c0-50ea-bde1-d84dc2b9fb98
Blatterer	2cdb86c3-dc75-510a-b148-dc9a2b433a69
Foissner	2cdb86c3-dc75-510a-b148-dc9a2b433a69
Swainson	c36c8a0c-7393-5105-b2f1-c2b5016e91d8
Brown	ea242650-d8a7-509a-9830-c322886ec65d
Spaeth	e448a6e2-9a4e-537c-aa55-e5dabac913ca
Poppius	d14294b9-3609-5fc5-92ea-6e23765e06b3
CLARKE	f00b2b83-66b7-51a2-a7c5-b1438783bd73
Williams	2124f45c-12fd-55c5-80d1-bc987665f1b2
Shaw	2124f45c-12fd-55c5-80d1-bc987665f1b2
Hopkins	2124f45c-12fd-55c5-80d1-bc987665f1b2
Budde-Lund	48c4d1c7-ee20-5789-86e7-5673b0cf367f
Sluiter	7f6201cf-a5f9-5e6b-aae3-cf2b1f45810c
Warren	a0a386f9-93aa-51f0-8fb8-6a500ede1d9b
Pascher	06da9e81-6a5a-543b-8409-110e7f030bd2
Grunow	a862d4a6-29d1-50b4-8c84-0f7a8bf302ae
Mortensen	1b1fc156-949c-5d62-8a69-51e5d6be4aec
Rodríguez	7698563c-9adc-5857-87d5-c373284c3c02
von	7698563c-9adc-5857-87d5-c373284c3c02
Sternberg	7698563c-9adc-5857-87d5-c373284c3c02
Bray	79f60d30-11b1-50ef-b0dc-231da66c41db
Cribb	79f60d30-11b1-50ef-b0dc-231da66c41db
McCulloch	42291b11-cf33-5a5d-8bea-57463caaa05e
Allgén	2beeffa3-47ee-5fc1-8f7d-3635aaaf5007
Fize	345d80f2-b118-54d2-a7ba-6401613fd487
Serène	345d80f2-b118-54d2-a7ba-6401613fd487
Issel	b756ef5d-b905-59ba-8a7c-428c639bff02
Schmarda	2a424b5e-d4ce-53ac-9afb-ca68e1e6f2ea
C.	6aaaf171-d8a5-5f3a-8ed4-e217df07ffa8
Presl	6aaaf171-d8a5-5f3a-8ed4-e217df07ffa8
Bigot	0c2ee58c-5daa-5576-9fc7-d0f28bfb048f
Grose-Smith	f1195be1-561c-55d0-aad7-b08473852e24
Borowiec	0498cc8c-b94c-56f0-94b1-fde816e99ec3
Nees	610b27a5-6b1c-59c3-91f5-e7232284257d
Reissek	610b27a5-6b1c-59c3-91f5-e7232284257d
K.	610b27a5-6b1c-59c3-91f5-e7232284257d
R.	610b27a5-6b1c-59c3-91f5-e7232284257d
Thiele	610b27a5-6b1c-59c3-91f5-e7232284257d
Petr.	037d8ee0-570f-5ca1-bc07-b2e696012902
Fåhraeus	af20005d-1f9e-5f15-93c4-af0bf230ad37
Pers.	26498d96-0fca-5e14-bad1-5fc9a3054799
A.	00edd6a0-6c57-5e67-8c18-5f3ab25dfff5
Braun	00edd6a0-6c57-5e67-8c18-5f3ab25dfff5
Miers	6d90069e-9f0e-5561-8afd-69af83becd3a
Jaap	80bf351b-c9b5-5b43-93e0-a90021cf8775
Mart.	397c4e80-fbf9-57de-9236-f1b1752560ba
D'Arcy	397c4e80-fbf9-57de-9236-f1b1752560ba
Perroud	06d3c9fb-455a-5300-99b2-522e6648cb27
Montrouzier	06d3c9fb-455a-5300-99b2-522e6648cb27
Schedl	f710cded-9dfe-519e-b337-e706e0b02efd
Kuntze	2221675f-ce1b-524e-ab56-3918067d962a
L.	d98d9526-08ac-562a-afb7-fdda70f44181
Bolus	d98d9526-08ac-562a-afb7-fdda70f44181
Merriam	584f60bd-7a84-58e9-bfa7-0cc8696b993d
Giraud	91748d03-a7b0-5a4b-84f3-4320e1d8d451
Huldén	1828d7cf-0898-5f3f-ac65-232325a66281
Boisduval	8f0887d6-db44-5180-81ab-11b9f8292daa
Stephens	06a6c5c6-ad39-5579-aff6-798cbc7d11ac
Cookson	c418f60f-2a42-5759-b9a9-870d98db5c21
Eisenack	c418f60f-2a42-5759-b9a9-870d98db5c21
Eisenack	c418f60f-2a42-5759-b9a9-870d98db5c21
et al.	c418f60f-2a42-5759-b9a9-870d98db5c21
Kolbe	c3135fc2-1c19-5746-acb7-1bd0b75ca93b
Kieffer	3c7bc4d6-fa00-5552-a463-963646419601
Forster	01b91f94-12a2-5968-bc69-ce6766bbc139
Lloyd	44d145c6-e08a-5de5-9392-2b1c15f35db6
Rajchenb.	44d145c6-e08a-5de5-9392-2b1c15f35db6
Moldenke	d398b8ee-232a-51b5-8890-323be4dd5b08
Moench	bd107e43-588d-5f06-93ec-a68259858bee
Mulsant	77c35ce3-a6b2-5f58-ad4d-ac89e47aaf5b
Rey	77c35ce3-a6b2-5f58-ad4d-ac89e47aaf5b
Louwerens	5f99e7fb-aeb6-5230-b4e3-c35e9a2c6f80
Benth.	7fcc924e-b1a6-5961-999c-9c9368fe4ae6
J.	7fcc924e-b1a6-5961-999c-9c9368fe4ae6
M.	7fcc924e-b1a6-5961-999c-9c9368fe4ae6
Coult.	7fcc924e-b1a6-5961-999c-9c9368fe4ae6
Haworth	63e54a35-0063-5846-b6e7-c7014f3e9fec
Sacc.	e53bf7fa-b372-5180-875d-7541fd471b0a
Kuntze	e53bf7fa-b372-5180-875d-7541fd471b0a
H.	c955586e-6809-5eff-8ff5-0cb7f9c6b8ff
S.	c955586e-6809-5eff-8ff5-0cb7f9c6b8ff
Jacks.	c955586e-6809-5eff-8ff5-0cb7f9c6b8ff
Dearden	c955586e-6809-5eff-8ff5-0cb7f9c6b8ff
Benth.	ce514664-93f9-5951-aeab-4985243b719b
Britton	ce514664-93f9-5951-aeab-4985243b719b
Rose	ce514664-93f9-5951-aeab-4985243b719b
Poelt	97f90ab1-b021-54af-b5d5-41889db4fc5d
Oxner	97f90ab1-b021-54af-b5d5-41889db4fc5d
Oborny	944929a9-baf7-5312-8e53-50b113554f77
Zahn	944929a9-baf7-5312-8e53-50b113554f77
Sessé	f7048e20-ac42-5a98-8365-1612cebe9704
Moc.	f7048e20-ac42-5a98-8365-1612cebe9704
Döll	fdeab4a5-35d1-5bf3-a6ca-729055665b95
Mart.	fdeab4a5-35d1-5bf3-a6ca-729055665b95
Ekman	fdeab4a5-35d1-5bf3-a6ca-729055665b95
Kupcsok	2c1977e5-4ce6-5a97-9fa8-7788f7f23d66
R.	2c1977e5-4ce6-5a97-9fa8-7788f7f23d66
Keller	2c1977e5-4ce6-5a97-9fa8-7788f7f23d66
Brongniart	ee9a22b2-754b-528c-b228-858b1f43599e
Lasch	45531434-3ea5-5dab-b7bd-9aadb2e425f0
Kalamees	45531434-3ea5-5dab-b7bd-9aadb2e425f0
Urbonas	45531434-3ea5-5dab-b7bd-9aadb2e425f0
DC.	0f62389f-0957-5fb3-8a0f-9e4f44621dd3
Stirt.	190cadd9-9e0d-5c57-8d1c-b441ab04892e
Hayata	cb99c139-9dc9-55fa-8220-329b445ca319
Makino	cb99c139-9dc9-55fa-8220-329b445ca319
Nemoto	cb99c139-9dc9-55fa-8220-329b445ca319
Hong	d00e0e77-16c1-57cd-9730-6e9597a151bb
Lindau	ec65b75b-fa96-55a6-8074-4f3353291a5a
Meyrick	06fa3f9b-046a-5f53-ba72-72df12440172
C.	40b29ab8-c02b-5892-ba1b-735a9d1a3b96
K.	40b29ab8-c02b-5892-ba1b-735a9d1a3b96
Schneid.	40b29ab8-c02b-5892-ba1b-735a9d1a3b96
Monterosato	c9c2c042-a7c3-5eb0-89b7-9f0f5b2c1dd6
Speg.	bb28dc65-dd9a-512e-8f39-835c32aee206
Copel.	a407cb40-0b18-5941-96d9-271adf7272d4
Romer	0ddac583-33cb-591b-9d3e-bc2cedcec7a2
Giglio-Tos	d4f44c09-aa51-5eae-b3eb-61fddd1c4426
Hübner	cfe232ba-86da-5d7a-8fd3-81bda1361221
Verhoeff	b82b9c4c-4349-5b4f-bf8f-ffaf93d4fc3b
Agassiz	22c45b23-75a6-56e9-93a0-94cdcd315b78
Walker	015b7ad4-8aeb-54af-915d-a9d133c521dc
Nyl.	7b053ce2-1f86-5a35-8fae-f57282748573
Hertel	7b053ce2-1f86-5a35-8fae-f57282748573
Rambold	7b053ce2-1f86-5a35-8fae-f57282748573
Hoffm.	dea28082-fd0c-5c3d-93a8-09353129cd75
Horw.	dea28082-fd0c-5c3d-93a8-09353129cd75
A.	ddb4c49a-2283-59d9-9a83-0392dcd38d54
H.	ddb4c49a-2283-59d9-9a83-0392dcd38d54
Sm.	ddb4c49a-2283-59d9-9a83-0392dcd38d54
Farw.	30089def-a771-5432-9d9b-64300e8d8792
Host	1843f9f1-e508-5195-98b5-76b1cbba3981
Lea	c91fb301-76b8-5060-ae74-396cea3f034a
Mez	9844ab4b-ce78-5f06-9fa6-1dab2cffe65d
Kosterm.	00d9b77f-f3d1-59f5-968a-e148cf892510
Robineau-Desvoidy	9aec1c86-b644-568b-ab45-676388775d3f
Boiss.	fe98fada-79a6-5f91-a64f-456e8e30d972
Razowski	b0a642bd-1fd0-5fc0-b190-2615637f478f
Lj.	cd343aa6-49d7-5291-904a-0c40d3edda5d
N.	cd343aa6-49d7-5291-904a-0c40d3edda5d
Vassiljeva	cd343aa6-49d7-5291-904a-0c40d3edda5d
Dyar	ef311071-2347-5045-b3f3-1d6376ab6d54
Eisner	d1168b2b-73a0-52da-907b-797dc4eb0bd3
Distaso	f2adc023-e597-55ea-bc44-b500d1c10885
Holdeman	f2adc023-e597-55ea-bc44-b500d1c10885
Moore	f2adc023-e597-55ea-bc44-b500d1c10885
Peringuey	9f156246-f8a2-59f5-8363-490ff7ac0276
Andre	4c894680-5b9b-5532-b01e-a4aaaef2f301
Th.	f2064810-032d-52fc-af43-46eebc23c82e
Fr.	f2064810-032d-52fc-af43-46eebc23c82e
Servít	f2064810-032d-52fc-af43-46eebc23c82e
Ramanujam	256df90c-319d-533b-8bfe-6b41b2ffed4c
Rao	256df90c-319d-533b-8bfe-6b41b2ffed4c
Giard	86ddc29e-a03a-51ac-b299-2d3a5c8bcf50
Laporte	0af7f34d-c3f2-5d1b-8dff-ee8cc73cfebf
W.	d66b546b-310f-59c9-91fb-8350b351f4f8
H.	d66b546b-310f-59c9-91fb-8350b351f4f8
Harvey	d66b546b-310f-59c9-91fb-8350b351f4f8
Sonder	d66b546b-310f-59c9-91fb-8350b351f4f8
Lesquereux	50e0237a-bc80-5e00-b341-840ea4bd0364
James	50e0237a-bc80-5e00-b341-840ea4bd0364
V.	50e0237a-bc80-5e00-b341-840ea4bd0364
F.	50e0237a-bc80-5e00-b341-840ea4bd0364
Brotherus	50e0237a-bc80-5e00-b341-840ea4bd0364
Hübner	2b95a6d0-3ef8-5922-a295-f473940b56dd
Kohler	17d849d1-4028-56fe-ab3f-7211e42e7991
Morales	17d849d1-4028-56fe-ab3f-7211e42e7991
Lotters	17d849d1-4028-56fe-ab3f-7211e42e7991
Reichle	17d849d1-4028-56fe-ab3f-7211e42e7991
Aparicio	17d849d1-4028-56fe-ab3f-7211e42e7991
Sladen	27da73e0-d91e-5760-82c8-53a39745e10e
H.	4e45ed5d-38ba-54a9-9130-a4a45929b1a3
A.	4e45ed5d-38ba-54a9-9130-a4a45929b1a3
Pilsbry	4e45ed5d-38ba-54a9-9130-a4a45929b1a3
Bailey	f2cac724-c32b-5567-ba1a-9aabf9c6676c
Schrenk	13171ac8-df8d-510e-9647-5a45eaf3711d
Fisch.	13171ac8-df8d-510e-9647-5a45eaf3711d
C.	13171ac8-df8d-510e-9647-5a45eaf3711d
A.	13171ac8-df8d-510e-9647-5a45eaf3711d
Mey.	13171ac8-df8d-510e-9647-5a45eaf3711d
Meigen	cb8daffc-8d17-54f3-b788-af5c74dd0d4b
Mitt.	01ec887f-6f8f-5a28-91e8-9972a0264420
Breuning	fc019120-09bb-544f-8dad-8d803ba2fc30
G.	12a1ad1f-7795-5312-bf2c-01fc194e067a
Murray	12a1ad1f-7795-5312-bf2c-01fc194e067a
Redtenbacher	451d432d-3c25-5b29-8dcf-02c3d41046d2
F.	ba09b368-c382-5e1c-96e5-95c265303c1b
Kränzl.	ba09b368-c382-5e1c-96e5-95c265303c1b
W.	05567fd2-25f8-5c9e-b018-60f51e5b4050
Z.	05567fd2-25f8-5c9e-b018-60f51e5b4050
Di	05567fd2-25f8-5c9e-b018-60f51e5b4050
M.	05567fd2-25f8-5c9e-b018-60f51e5b4050
J.	05567fd2-25f8-5c9e-b018-60f51e5b4050
Zhong	05567fd2-25f8-5c9e-b018-60f51e5b4050
J.	e7535d73-1c9c-5574-b8fe-7e481fd6f31f
J.	e7535d73-1c9c-5574-b8fe-7e481fd6f31f
Sm.	e7535d73-1c9c-5574-b8fe-7e481fd6f31f
Perez	ecdf81c0-dba2-5985-bd65-26cf86ad02eb
Erichson	9e794c32-90b0-5a08-8461-5ee1fecdd1c8
Bänninger	2648cfaf-4d85-547c-ab35-6b5d2ee0a977
Melichar	4c7f7c17-77d0-5550-9e29-bf8c82d9e2cd
O.	148af549-cace-5d47-bc0d-05316a2d91b1
A.	148af549-cace-5d47-bc0d-05316a2d91b1
L.	148af549-cace-5d47-bc0d-05316a2d91b1
Mörch	148af549-cace-5d47-bc0d-05316a2d91b1
Hieron.	759dedbc-0023-5400-a889-9146d0f8b6ef
H.	759dedbc-0023-5400-a889-9146d0f8b6ef
Rob.	759dedbc-0023-5400-a889-9146d0f8b6ef
Hoerold	b0f9aee6-f8aa-575c-964d-3fb687107bdd
A.	b0f9aee6-f8aa-575c-964d-3fb687107bdd
C.	b0f9aee6-f8aa-575c-964d-3fb687107bdd
Sm.	b0f9aee6-f8aa-575c-964d-3fb687107bdd
Trel.	03167980-e4c1-5faa-90e6-29854e5b7594
B.	2aac0450-5da0-5c01-8e37-4b62aa5f2988
L.	2aac0450-5da0-5c01-8e37-4b62aa5f2988
Burtt	2aac0450-5da0-5c01-8e37-4b62aa5f2988
P.	cdc00d5a-4591-54c8-977b-dcd19f541d24
de	cdc00d5a-4591-54c8-977b-dcd19f541d24
la	cdc00d5a-4591-54c8-977b-dcd19f541d24
Varde	cdc00d5a-4591-54c8-977b-dcd19f541d24
Brongn.	b8e36810-5000-586a-8ee4-867613dc14cd
Ung.	b8e36810-5000-586a-8ee4-867613dc14cd
Harv.	549fc136-6a5f-59ff-8827-d6464650f982
Santschi	8e8c5aba-2f77-579d-9015-1d219476d68c
Broun	d0638dd8-22d0-5067-9cb7-68d5cd074d3b
Fåhraeus	bf679eb9-f493-5177-879a-acd320fa8b8b
Boheman	bf679eb9-f493-5177-879a-acd320fa8b8b
Hy.	4814e05c-87d0-5ef8-b06c-178a0ade490c
Edwards	4814e05c-87d0-5ef8-b06c-178a0ade490c
Ahrens	3b6d63c5-e952-514a-b5d8-b068d110d3cc
Cookson	c5e12092-9b62-58ab-8de8-2918ef9b462b
Fuhrmann	926d48f3-d1f2-544e-9f2f-b23cb0189ff4
TB	926d48f3-d1f2-544e-9f2f-b23cb0189ff4
Ponder	b12bdb80-1ee4-58f0-90d4-b1b2faf6e11d
E	b12bdb80-1ee4-58f0-90d4-b1b2faf6e11d
Wiegand	097ee952-f5ac-595e-9cf5-30e16a063537
Busk	104d7b95-001c-5f56-81d8-e1055600c7b6
Wilson	990bfc8a-ba62-5b80-88d2-d708eb1947fc
C.	990bfc8a-ba62-5b80-88d2-d708eb1947fc
B.	990bfc8a-ba62-5b80-88d2-d708eb1947fc
S.	098cd33a-c793-5bb9-b01e-8f1919fb3d62
Watson	098cd33a-c793-5bb9-b01e-8f1919fb3d62
B.	098cd33a-c793-5bb9-b01e-8f1919fb3d62
L.	098cd33a-c793-5bb9-b01e-8f1919fb3d62
Rob.	098cd33a-c793-5bb9-b01e-8f1919fb3d62
Regan	e477d1aa-92a9-5982-a7a6-957f696a8ae4
Trewavas	e477d1aa-92a9-5982-a7a6-957f696a8ae4
Heldr.	9ae09a94-75f5-5ac2-8f79-89984c3ecae5
Walker	24d0a19c-c90a-5019-a8ac-c500bc3bbea9
Hardy	0c61f5e3-065a-5304-a669-51bc3bc77bc6
Kaneshiro	0c61f5e3-065a-5304-a669-51bc3bc77bc6
Meyrick	d781f211-481b-558b-8691-86cea683c3d6
Vreven	3fb301cb-a62b-5e18-aa44-b62c06f1dc52
Teugels	3fb301cb-a62b-5e18-aa44-b62c06f1dc52
Temminck	c5e8f5f0-156b-5e57-8328-1da824a56b72
Schlegel	c5e8f5f0-156b-5e57-8328-1da824a56b72
Lacépède	c5c68511-0f56-585e-b563-1b97d5b10826
Haldeman	de5d034f-fcb7-5464-8bfb-ba887a05ea20
LeConte	de5d034f-fcb7-5464-8bfb-ba887a05ea20
Butler	1708bb12-3ad8-5e80-a581-99480936e807
Dinter	54f7c1a3-6e1a-5804-93bf-7f88790d35f0
E.	840b75b6-b0a0-5ac2-8004-4360e76b8147
Mey.	840b75b6-b0a0-5ac2-8004-4360e76b8147
D.	840b75b6-b0a0-5ac2-8004-4360e76b8147
Dietr.	840b75b6-b0a0-5ac2-8004-4360e76b8147
Poepp.	561127c7-0b79-58ab-a877-a6e1e15d4a78
Endl.	561127c7-0b79-58ab-a877-a6e1e15d4a78
K.	561127c7-0b79-58ab-a877-a6e1e15d4a78
Schum.	561127c7-0b79-58ab-a877-a6e1e15d4a78
D.	16063202-a85f-5f63-884b-20bc64edbd37
C.	16063202-a85f-5f63-884b-20bc64edbd37
Eaton	16063202-a85f-5f63-884b-20bc64edbd37
Canby	16063202-a85f-5f63-884b-20bc64edbd37
M.	476a8396-0b7a-501f-9135-98ce69cb889e
Bieb.	476a8396-0b7a-501f-9135-98ce69cb889e
Tzvelev	476a8396-0b7a-501f-9135-98ce69cb889e
R.	2f04f704-334a-5e0b-99c0-d07497524a40
M.	2f04f704-334a-5e0b-99c0-d07497524a40
Schust.	2f04f704-334a-5e0b-99c0-d07497524a40
Wahlenb.	0a8dd1af-6272-589f-8826-b9e5a750dc78
Kaulf.	0a8dd1af-6272-589f-8826-b9e5a750dc78
Broth.	5d86a8a3-2f97-548d-a2cd-980b98417037
Müll.	ff084f57-9c95-5144-b73b-97ec87c0f919
Hal.	ff084f57-9c95-5144-b73b-97ec87c0f919
Delile	db388ec3-b4b1-5f2b-9b19-7aa154373908
A.	b5c7bfda-4e1a-59be-ad86-5b09b9cc1eba
DC.	b5c7bfda-4e1a-59be-ad86-5b09b9cc1eba
K.	02f2acca-d3b3-54e8-a7c1-46880b4c9e80
Schum.	02f2acca-d3b3-54e8-a7c1-46880b4c9e80
Kuntze	02f2acca-d3b3-54e8-a7c1-46880b4c9e80
M.	05fd5826-4380-5f50-85b6-1a037deed03d
E.	05fd5826-4380-5f50-85b6-1a037deed03d
Jones	05fd5826-4380-5f50-85b6-1a037deed03d
O.	9e801a51-6640-581c-b7fb-7a24e232c95b
Bolòs	9e801a51-6640-581c-b7fb-7a24e232c95b
Vigo	9e801a51-6640-581c-b7fb-7a24e232c95b
Müll.	7b947aff-a2c1-51ca-9fe2-d79a41f846c5
Arg.	7b947aff-a2c1-51ca-9fe2-d79a41f846c5
J.	67a7e936-1431-5767-8f24-f3c980bc3d98
Houz.	67a7e936-1431-5767-8f24-f3c980bc3d98
Schott	8efa965a-5b21-5131-9817-29a6ac496e74
K.	8efa965a-5b21-5131-9817-29a6ac496e74
Koch	8efa965a-5b21-5131-9817-29a6ac496e74
Ball.	0c3e6956-cb3b-59e3-83cd-713d79949234
Mart.	88084dff-212b-5333-afa1-c750708dffbc
Jacq.	f0510f54-dbf7-56e5-970e-b0fde902789c
Greene	d4571b4d-8675-5a9f-ba0f-2a62a7667367
Fraser-Jenk.	387bbb9e-e741-5473-8853-b220aef3ffd0
V.	66f06412-21ff-58cb-9564-cdec5e55053e
Singh	66f06412-21ff-58cb-9564-cdec5e55053e
O.	16c734c3-2936-5494-8c1a-b86c3ef14975
Berg	16c734c3-2936-5494-8c1a-b86c3ef14975
Dum.	b54025c3-bc5b-5db7-a60c-b9cf65c235e7
Cours.	b54025c3-bc5b-5db7-a60c-b9cf65c235e7
Gay	a67a8e63-3912-5cb4-837a-ed6a3920ee4e
D.	d509d6a9-4b07-5f28-97b8-1468e251b7b8
Dietr.	d509d6a9-4b07-5f28-97b8-1468e251b7b8
B.	4e11769d-ab3e-5117-8142-317e48ecdeb0
Boivin	4e11769d-ab3e-5117-8142-317e48ecdeb0
P.	33429a1f-abeb-5d4d-ac01-8cf87d7ecddb
R.	33429a1f-abeb-5d4d-ac01-8cf87d7ecddb
O.	33429a1f-abeb-5d4d-ac01-8cf87d7ecddb
Bally	33429a1f-abeb-5d4d-ac01-8cf87d7ecddb
P.	33429a1f-abeb-5d4d-ac01-8cf87d7ecddb
R.	33429a1f-abeb-5d4d-ac01-8cf87d7ecddb
O.	33429a1f-abeb-5d4d-ac01-8cf87d7ecddb
Bally	33429a1f-abeb-5d4d-ac01-8cf87d7ecddb
Romero	8a3e6e34-4965-5c9c-b992-accfbaf0d79d
J.	8a3e6e34-4965-5c9c-b992-accfbaf0d79d
L.	8a3e6e34-4965-5c9c-b992-accfbaf0d79d
Fernández	8a3e6e34-4965-5c9c-b992-accfbaf0d79d
Alonso	8a3e6e34-4965-5c9c-b992-accfbaf0d79d
Wallengren	ce715e52-c701-52d5-bc2e-829a6fd636db
Moore	ee7c39fb-7c66-53fd-b41b-ccdc254879c6
Dodd	6b462722-d406-5374-aac2-9e040536f80b
Burgeon	05c8afc7-8093-5015-9ae0-75ad87033c51
Boerner	8ab406af-1faa-5a19-875a-829dab2e337e
Ludbrook	53cc3d92-f1ec-587e-82fa-4370dd5889c1
Villiers	9d9c46c0-203a-51e3-a592-835ad4c2f923
Saltovskaya	21dce2af-38fd-5686-b838-42ff322648ee
Wanat	8728388b-1ad0-5021-9473-b805c68b3eb7
Sinha	29a9aba6-b13b-5276-9c44-c97768d87317
Bryant	8d6d220b-0bad-5186-bce5-c3598410ff89
Berg	5b204032-1520-53a9-8d68-e2b61bae8228
Joannis	8905dd35-2c1a-5dc7-9cc7-efe7c8c9daa2
Chao	c3af8fd6-7cfc-5c04-9b0d-d67714a0b405
Paik	a8341d7b-23bb-5c68-967d-867e75d89365
Wheeler	25e444aa-3393-5f62-b066-c34d05f6e567
Belizin	349417e5-7187-5371-8252-1704cdb19177
Kazenas	8fc2ec6c-548b-5086-8b92-4ecd90a47466
Ruzsky	18001122-757e-5a0a-8e4d-707c23a7f57b
Navas	7d5422b1-a422-5a2b-aab4-7bffc370c865
Schweizer	998026ee-52a9-57b7-9086-86a997f7ea56
Szepligeti	54c35db1-0732-5a80-842d-cb6ab654a10e
Walker	06654cd4-e016-530a-98bf-28589acdcbf9
Sars	7bd06d48-5955-53ac-b89b-c5f3bdc11c7e
Barber	f0854a6f-559b-5336-9598-9617eccdc1c9
LeConte	99e43174-e5ae-5509-b97b-bc59f30a449a
Jeanne	db5b9abf-36f1-5463-b447-d924d55d943f
Oberthur	d71a3763-5f0a-5f61-9822-e057348c5c18
Zhang	b0ca8808-8b12-578c-a9b3-1992f19ba3bd
Lin	b0ca8808-8b12-578c-a9b3-1992f19ba3bd
Dobson	96f5a12a-7bf8-5977-b4ac-77f4d1fc668d
Birstein	38b19031-662b-5521-a11d-866207d6a829
Ljovaschkin	38b19031-662b-5521-a11d-866207d6a829
Roewer	5ca7d711-6926-5715-8d0a-f55f2aae8e0a
Ribera	6967a781-e2c5-57e3-bb37-6bbdcdb73aa2
Ferrandez	6967a781-e2c5-57e3-bb37-6bbdcdb73aa2
Hacobjan	5d2b8f7c-544b-5a57-86f7-8e78b05fe96f
Tokunaga	7218c0ce-26e2-587d-8643-87ebdd3a8af7
Kono	b5c4517b-0be1-51d8-94f9-43f7eec28611
Lin	5d0ff32f-cf5b-571e-a44b-07dc30cb7269
Wu	5d0ff32f-cf5b-571e-a44b-07dc30cb7269
Logan	1e835765-a41b-5a6e-bec6-a09e8a44b8c0
Alderslade	1ebaada7-cd57-5bca-8b73-40dbb62ac4cb
Baxter	1ebaada7-cd57-5bca-8b73-40dbb62ac4cb
Moczar	53d19fd9-e5ab-529b-b576-9936ee9219d5
Merriam	1a1b0e52-b501-5f32-b9c2-07e76922fac0
Garassino	187bc552-c92f-5e4c-b0f4-f3cbc697a2dd
Teruzzi	187bc552-c92f-5e4c-b0f4-f3cbc697a2dd
van	384ac654-b959-5f63-81bb-90a92f0fbdd0
den	384ac654-b959-5f63-81bb-90a92f0fbdd0
Hoek	384ac654-b959-5f63-81bb-90a92f0fbdd0
Ostende	384ac654-b959-5f63-81bb-90a92f0fbdd0
Wunderlich	5bb68084-9f9a-5d82-a26b-90b2232a7152
Eliot	6b43aa9a-85d5-5dfe-b8dd-7bd83bc3a5dd
Kawazoe	6b43aa9a-85d5-5dfe-b8dd-7bd83bc3a5dd
Polevoi	f00ed8ef-53a0-5aad-8cea-b0372a8fa3f3
Khan	9844384d-a1e3-55fa-adfb-98c2ea5b86e7
Wicander	87535e20-f6bf-5c20-9215-5a1a30910f78
Wood	87535e20-f6bf-5c20-9215-5a1a30910f78
Spiridonov	44c40e68-51bc-5620-821e-5eaa72c6915d
Ivanova	44c40e68-51bc-5620-821e-5eaa72c6915d
Briggs	a1652c8a-62e2-5174-8cee-772be7595d6c
Bickel	1bb97c1b-0899-53ad-b522-94170b3cba32
Howden	ed194e9c-4d86-59a0-8df7-f208d98f2410
Chen	454f2257-4d70-54bb-a650-5e040d135e0c
Ducroz	d728a407-dc50-5bd1-8ab9-e4b5207ca844
Volobouev	d728a407-dc50-5bd1-8ab9-e4b5207ca844
Granjon	d728a407-dc50-5bd1-8ab9-e4b5207ca844
Lacordaire	d531bec1-abc7-555c-a0a9-c1177e19ff9c
Erichson	61b13662-11ca-5f4f-8635-020d4e4084c6
Markhaseva	e37c783e-f62d-58da-a4c0-a9aec22ea358
Ferrari	e37c783e-f62d-58da-a4c0-a9aec22ea358
Oberthuer	18cb533a-5877-5a83-a63f-4f8159250e5a
Sars	de72563d-b817-5e96-af86-433efcb50088
Walsingham	1545e41c-3f3e-5461-8ba2-367d3adb9ce7
Miers	f4a10813-aa2b-52b0-8858-f5c098e85f28
Pawlowski	77e59e52-a741-50f5-9cc4-fe284a61449a
Hartmann	5cc183b9-4d19-52e6-bd30-5f1830eb96d6
Cockerell	5ef96159-4de1-57ea-9152-986aee2552b9
Jaekel	0151e4a8-d4a7-5c89-b144-379e1e80e971
Seevers	cafb22ca-aefa-5fb1-b7d5-e139fe847fcb
Dybas	cafb22ca-aefa-5fb1-b7d5-e139fe847fcb
Ogasawara	6927e489-7a9a-5014-a08a-f1c595cd3d26
Hoist	7e705cca-5be5-5eb0-a06f-48a4150deebe
Smit	7e705cca-5be5-5eb0-a06f-48a4150deebe
Veenstra	7e705cca-5be5-5eb0-a06f-48a4150deebe
Allen	fdf0ea0a-a83d-5dd9-bbc5-b8d505a4b615
Jac.	0584d16a-dd5e-5dbd-ad97-2258c32b42e2
Beauvais	0b24e59e-60ce-55ff-b0ef-84143bed1bbe
Reichardt	9d964c9e-8edf-59e6-8a08-81798aace3f5
Mamontova-Solukha	193d2fe8-6711-5889-b8e8-c3aee5d0d9c5
Lepesme	71452e7d-7c11-5b76-bd10-6fb8f260bca8
Breuning	71452e7d-7c11-5b76-bd10-6fb8f260bca8
Turk	a5276469-196a-52b5-b365-893bcec7822f
Dubinin	2784def2-693b-5044-bfb4-83833fab7582
Nav.	ad6e9252-cd7c-5135-a0f7-70dcc891b75f
Markovski	77da0571-ffcc-5526-91ee-91cc1b1d46b4
Nalivkin	77da0571-ffcc-5526-91ee-91cc1b1d46b4
Malloch	219a7d7a-feea-5307-a6d2-367e2e3db254
Pic	fb39480e-13bb-5f31-97b5-b54bd08acf98
Will.	67c60a92-7109-594d-bab4-08990dea8c36
Woodring	739a9ad7-421f-561d-b132-48fced716f92
Lathy	5ad527b5-e685-5864-8b5e-facb6348cbc0
F.	9a09cc01-2b0e-5538-8ee7-b1e6cf0f74d3
Masi	db3778c3-10aa-5c52-aeb3-f1fd79fdbc32
Cossmann	fa38fd87-109e-5ca0-ab72-acd328d67209
Vinassa	8feaeb55-414a-51c5-bd5b-d29926647d8d
De	8feaeb55-414a-51c5-bd5b-d29926647d8d
Regny	8feaeb55-414a-51c5-bd5b-d29926647d8d
Sharpe	6843633f-8048-5957-8f98-c49f3c04a5ea
Bates	3f438f62-2c41-5433-92df-f76272e0db74
Casey	c5382838-11e8-5e73-812c-9bc575dcf585
Desm.	052f0577-e890-5391-9960-a2e2665de4c0
Juill.	09e91e5a-689e-5801-ae2e-baad75292e1b
Lw.	8c326e45-75a6-5982-aea3-c628ec6d6940
Shuck.	d23242b1-d096-5bec-9e37-9fc7749b4ad5
Coq.	b2c69155-4584-5f14-96fe-42f7a90ddfd8
Rich.	15246f72-34b0-5d49-a836-94a0f327695f
St.	35315a23-ba3b-554b-8b37-898395ac3772
Panz.	d490f93f-b7ed-52ee-ba02-7ecda068cf39
Jordan	cbc68998-c2aa-553a-96ed-8d8cbec511e4
Takahashi	acb5161a-a931-5b0d-abdb-9ca55d4c6bde
Lindner	997c3928-3b6f-5762-bb09-94b469572132
Harrison	4ebf6dbf-f120-5352-ad61-acd610af4a58
Walker	4ebf6dbf-f120-5352-ad61-acd610af4a58
Nakanishi	bcfeb683-4ed6-541a-a274-edc2c282211c
Kaliszewski	088c03f0-8604-538b-b4c7-cc4ad4d1db93
Weber	e1d5ba62-da46-5462-a9d3-fbfac00a608d
Bolivar	4c5c9cf7-69ed-57dc-97e9-b5ca239f4616
I.	4c5c9cf7-69ed-57dc-97e9-b5ca239f4616
Savicz	15ea6bf1-c211-5eca-ba74-5dc40367f1d2
D.	15ea6bf1-c211-5eca-ba74-5dc40367f1d2
Hawksw.	15ea6bf1-c211-5eca-ba74-5dc40367f1d2
Uhler	c5987188-b44f-5c8e-b086-7667fa8ebc9b
Candéze	d2dae173-2ee6-5c33-9eff-68d299b9dc26
Pascoe	4b3df328-d939-56ed-b6ab-7e010847eaa9
Uhman	d5513236-6180-57b2-b7bf-4a59f692de0d
Weise	47287510-b6b1-56f6-8684-1448d79d5641
Meyrick	24de4c0a-0d07-5829-b9bd-490202618bef
Nyl.	89deb68e-0459-52f0-b370-d234076f78f7
Hampe	2f9f7576-9cf6-50c9-83da-ef8dd2f90e78
Lorentz	2f9f7576-9cf6-50c9-83da-ef8dd2f90e78
Rissoi	140fe835-559f-5e59-80ce-25ea080896b3
Corda	bda90f93-7a8b-5f95-8ab0-fd40c3d6ca9f
Hansgirg	bda90f93-7a8b-5f95-8ab0-fd40c3d6ca9f
Swirenko	c28efef1-9493-5a19-b0da-5e8739aa535b
Reimoser	9fe9bbb9-db1e-5f5e-aeee-738326f7076e
Simon	55a2176b-b941-5ed0-8394-ac7adcddbb4b
Brignoli	91b43999-43cc-5acc-8c01-ee597aacca53
Meigen	c20e8bda-830c-5020-b1b6-048fce824234
Miyabe	40829840-9661-5db8-8079-ca5048f30c5a
Kudo	40829840-9661-5db8-8079-ca5048f30c5a
Sam.	40829840-9661-5db8-8079-ca5048f30c5a
Tucker	14983f36-cf59-56ba-a18f-20f64a5f7727
Ach.	303760a6-b136-523a-968a-1367764143ff
Flagey	303760a6-b136-523a-968a-1367764143ff
KOMIYA	c0f5198a-bcb0-5a81-a742-569c65ffbd56
Ziro	c0f5198a-bcb0-5a81-a742-569c65ffbd56
BUQUET	405b2394-d89f-52df-a5bd-efd195f3b33f
Jean	405b2394-d89f-52df-a5bd-efd195f3b33f
Baptiste	405b2394-d89f-52df-a5bd-efd195f3b33f
Lucien	405b2394-d89f-52df-a5bd-efd195f3b33f
Steindachner	5924abd5-414c-59c1-b7e8-d09d31ff9712
Leconte	a3116612-0880-5f74-9447-ca7baaf6981c
Fitzinger	3b636248-4a79-5809-8b66-f3f468603d08
Handlirsch	cec516d8-a176-59fb-be27-eabb229101db
Gray	18f11192-f60a-5d33-8b0e-d8dfc0c285cc
Duméril	2ba261b3-b6a6-5313-ab04-41b601d99249
Mathews	9806bf19-66ff-5bc2-ba16-576409cb9e5d
Deflandre	64cc5f85-cdb4-5893-8569-971652d22f0a
Ugalde	851863dc-f294-5f01-a0e5-e58a12076efc
Gauld	851863dc-f294-5f01-a0e5-e58a12076efc
Gauld	851863dc-f294-5f01-a0e5-e58a12076efc
Godoy	851863dc-f294-5f01-a0e5-e58a12076efc
Sithole	851863dc-f294-5f01-a0e5-e58a12076efc
Gomez	851863dc-f294-5f01-a0e5-e58a12076efc
H.	ab992112-c7ff-5ed7-a580-ab8b126ccc45
Sydow	ab992112-c7ff-5ed7-a580-ab8b126ccc45
J.	36a0c1bb-69d9-5545-805e-bf758f309086
K.	36a0c1bb-69d9-5545-805e-bf758f309086
Small	36a0c1bb-69d9-5545-805e-bf758f309086
MOTSCHULSKY	7a9faee1-ff91-5ae4-bbc2-cd94b404457a
Kieffer	384398fc-9d35-5a9f-9df1-d27d43c9c445
Epler	aa9c4f66-d2e0-5c94-86ef-2c6e8ebef7a6
Kieffer	b6732c26-546d-5c10-852e-178654321566
Meillon	30cbdd9f-ae40-5512-9a22-aa5f937a299b
Fairchild	93f178e3-c341-5294-b495-a18a2e62bc8b
Spencer	81e436f1-1fc0-54d9-acf1-f41730db673d
Schmitz	81af9e32-4b11-51f5-aa16-b56280316d60
Papp	fe4f3f94-bd46-5047-82b5-744269eef24a
Herter	fe4f3f94-bd46-5047-82b5-744269eef24a
J.	3f6ee933-93eb-5d77-94e7-ed3b409e1c80
Le	3f6ee933-93eb-5d77-94e7-ed3b409e1c80
Conte	3f6ee933-93eb-5d77-94e7-ed3b409e1c80
Torr.	3f6ee933-93eb-5d77-94e7-ed3b409e1c80
Sprengel	eda27a0c-d08e-51ce-af9a-b0dab4db79a8
Alexander	c6491772-026a-535c-9ea3-a6a6921b77b1
Rubtsov	cfab2d2b-528f-5ad4-ba06-563022426d7f
Dyar	84fb0608-7975-5de2-a7e5-e769b336d9f2
Shannon	84fb0608-7975-5de2-a7e5-e769b336d9f2
Kunth	6448a3c5-7cc5-5a2e-aa2b-51296db572c5
A.	6448a3c5-7cc5-5a2e-aa2b-51296db572c5
S.	6448a3c5-7cc5-5a2e-aa2b-51296db572c5
Hitchc.	6448a3c5-7cc5-5a2e-aa2b-51296db572c5
I.	6448a3c5-7cc5-5a2e-aa2b-51296db572c5
M.	6448a3c5-7cc5-5a2e-aa2b-51296db572c5
Johnston	6448a3c5-7cc5-5a2e-aa2b-51296db572c5
R.	773d20e4-9278-5e2a-bf29-6795eb385bff
E.	773d20e4-9278-5e2a-bf29-6795eb385bff
Fr.	773d20e4-9278-5e2a-bf29-6795eb385bff
R.	773d20e4-9278-5e2a-bf29-6795eb385bff
E.	773d20e4-9278-5e2a-bf29-6795eb385bff
Fr.	773d20e4-9278-5e2a-bf29-6795eb385bff
L.	70a7585b-9429-582d-8a40-0480672a5ce3
Pierrat	70a7585b-9429-582d-8a40-0480672a5ce3
Murb.	70a7585b-9429-582d-8a40-0480672a5ce3
L.	fa6d18cb-6d72-574c-af20-a78f1cbdffe3
Michx.	fa6d18cb-6d72-574c-af20-a78f1cbdffe3
A.	ffb2d8c4-313e-5d2f-8975-f0474b62a03c
DC.	ffb2d8c4-313e-5d2f-8975-f0474b62a03c
H.	ffb2d8c4-313e-5d2f-8975-f0474b62a03c
Li	ffb2d8c4-313e-5d2f-8975-f0474b62a03c
Spegazzini	dbdf2506-6ff2-589f-b175-1095b8f36ac6
Dusén	dbdf2506-6ff2-589f-b175-1095b8f36ac6
Decne.	0fdfa83c-b1e1-58fb-851f-ab7ff136174d
Decne.	0fdfa83c-b1e1-58fb-851f-ab7ff136174d
H.	0fdfa83c-b1e1-58fb-851f-ab7ff136174d
Iketani	0fdfa83c-b1e1-58fb-851f-ab7ff136174d
H.	0fdfa83c-b1e1-58fb-851f-ab7ff136174d
Ohashi	0fdfa83c-b1e1-58fb-851f-ab7ff136174d
Roxb.	20a83a2f-26ba-5971-bde7-9392e55baf93
W.	20a83a2f-26ba-5971-bde7-9392e55baf93
T.	20a83a2f-26ba-5971-bde7-9392e55baf93
Aiton	20a83a2f-26ba-5971-bde7-9392e55baf93
Miq.	20a83a2f-26ba-5971-bde7-9392e55baf93
Ruiz	b2ae14a9-fa47-5cff-bae6-16d28c376220
Benth.	29efb79f-1456-5750-8b54-b749425dba8c
Gand.	29efb79f-1456-5750-8b54-b749425dba8c
Pierre	d0eaf5f0-4305-54dc-8dd9-d77b97256eea
Engl.	d0eaf5f0-4305-54dc-8dd9-d77b97256eea
Pursh	a790c8d4-e644-5925-a010-ad7bae346a2b
DC.	a790c8d4-e644-5925-a010-ad7bae346a2b
Small	a790c8d4-e644-5925-a010-ad7bae346a2b
H.	a790c8d4-e644-5925-a010-ad7bae346a2b
M.	a790c8d4-e644-5925-a010-ad7bae346a2b
Hall	a790c8d4-e644-5925-a010-ad7bae346a2b
W.	b738f070-f0ee-5068-aa4a-e45890fa6686
H.	b738f070-f0ee-5068-aa4a-e45890fa6686
Wagner	b738f070-f0ee-5068-aa4a-e45890fa6686
S.	f445819b-b2ec-5883-947e-4f1682ad453c
Watson	f445819b-b2ec-5883-947e-4f1682ad453c
Greene	f445819b-b2ec-5883-947e-4f1682ad453c
S.	f445819b-b2ec-5883-947e-4f1682ad453c
L.	f445819b-b2ec-5883-947e-4f1682ad453c
Welsh	f445819b-b2ec-5883-947e-4f1682ad453c
Reveal	f445819b-b2ec-5883-947e-4f1682ad453c
Engl.	2ef02a26-385e-5018-b469-17945ab1a4e0
Girault	e90fb53b-2773-5516-aa17-e665f413ef0e
Dasch	149231f8-2654-58b0-9df7-b9bba0286c6b
Brues	0a884214-168e-5d54-926e-769371f81e32
Mitchell	960373dc-6a84-5be1-8d31-618f4b781909
Girault	5d3f86c7-3508-5da2-9260-17c1d383642c
Schmidt	8d3d9de8-d5e2-5230-ac94-11b8ee653bcb
Breuning	d0770161-4755-5a00-92e1-058e4f4295bb
Webb	2481be53-60a1-5b29-be62-af3fb389bed0
Miller	2481be53-60a1-5b29-be62-af3fb389bed0
Walker	802af695-b434-5a3b-b13e-7f3977031cf9
F.	802af695-b434-5a3b-b13e-7f3977031cf9
Bert.	999f1508-ca37-56d9-a46a-703ad543a068
H.	999f1508-ca37-56d9-a46a-703ad543a068
B.	999f1508-ca37-56d9-a46a-703ad543a068
K.	999f1508-ca37-56d9-a46a-703ad543a068
Buch.	129116b7-348e-51e2-bcf9-301b2e6880f7
Ham.	129116b7-348e-51e2-bcf9-301b2e6880f7
E.	129116b7-348e-51e2-bcf9-301b2e6880f7
Gray	129116b7-348e-51e2-bcf9-301b2e6880f7
C.	129116b7-348e-51e2-bcf9-301b2e6880f7
N.	129116b7-348e-51e2-bcf9-301b2e6880f7
Page	129116b7-348e-51e2-bcf9-301b2e6880f7
Lea	42680178-6047-570d-acaf-f7ba691f8492
Bat.	08514100-af6e-5e12-86fb-3a77e128e7da
Fedtschenko	3443f43f-be1a-5f38-ab16-3ef3ed2ed7f5
Dejean	035b8cf1-fe3a-5027-b0e1-674059795672
Sah	2d23f991-d2cc-5815-9842-084a5fbef060
Dutta	2d23f991-d2cc-5815-9842-084a5fbef060
H.	2d23f991-d2cc-5815-9842-084a5fbef060
P.	2d23f991-d2cc-5815-9842-084a5fbef060
Singh	2d23f991-d2cc-5815-9842-084a5fbef060
Tripathi	2d23f991-d2cc-5815-9842-084a5fbef060
Ingram	8f8569e1-455f-5bbb-bcde-d8917beab571
Macfie	8f8569e1-455f-5bbb-bcde-d8917beab571
Lyman	fd969871-f931-5acc-8d91-99903416d732
B.	fd969871-f931-5acc-8d91-99903416d732
Smith	fd969871-f931-5acc-8d91-99903416d732
Schröder	75f4d522-701f-5a43-bbd9-386182791bf0
Lodd.	38023bff-4c76-5041-b4c1-b831c4c8bd72
Loud.	38023bff-4c76-5041-b4c1-b831c4c8bd72
Camb.	d4b90fcb-667d-51b4-956a-cce1a6ba69a5
S.	8f023300-cfd5-58f8-99af-fb6ad269ae9d
González	8f023300-cfd5-58f8-99af-fb6ad269ae9d
Reznicek	8f023300-cfd5-58f8-99af-fb6ad269ae9d
Fall	a60ca8a7-013d-545f-90a7-ac9b19162a6f
C.	2756cb42-f4d7-57a5-8103-a770b1af1df7
Parker	2756cb42-f4d7-57a5-8103-a770b1af1df7
Rchb.	2756cb42-f4d7-57a5-8103-a770b1af1df7
Braem	2756cb42-f4d7-57a5-8103-a770b1af1df7
W.	534b9117-6420-5d6c-afe2-ed202ef2af2d
K.	534b9117-6420-5d6c-afe2-ed202ef2af2d
Schur	534b9117-6420-5d6c-afe2-ed202ef2af2d
Gugler	534b9117-6420-5d6c-afe2-ed202ef2af2d
Champion	d589bbbb-b346-50ca-8226-da299da5201e
G.	d589bbbb-b346-50ca-8226-da299da5201e
C.	d589bbbb-b346-50ca-8226-da299da5201e
J.	5b25d037-829d-5249-bab9-3d8c0a7687e5
L.	5b25d037-829d-5249-bab9-3d8c0a7687e5
LeConte	5b25d037-829d-5249-bab9-3d8c0a7687e5
Berk.	ec62f2d4-e6d8-5c96-97de-55f47f73c213
Curt.	ec62f2d4-e6d8-5c96-97de-55f47f73c213
Fabricius	1e62743d-b677-5c9a-8b24-25dd93f79347
Beier	bd150637-33ee-54ff-a86b-efe383372c59
Pic	ff6e3b42-982a-5db2-b6a5-30e3bc471062
Raf.	2cad493a-4d9c-5e62-9288-8082f145e05f
Macfarl.	2cad493a-4d9c-5e62-9288-8082f145e05f
Diels	2cad493a-4d9c-5e62-9288-8082f145e05f
Diels	2cad493a-4d9c-5e62-9288-8082f145e05f
Vanschuytbroeck	11728a59-5205-5ca3-9a42-70919a3fa53c
Walker	468a62c8-7772-548a-b07e-3403a3cc3c77
Torrey	330e98ac-841c-5dec-a76a-28dc3560c943
A.	330e98ac-841c-5dec-a76a-28dc3560c943
Gray	330e98ac-841c-5dec-a76a-28dc3560c943
Reveal	330e98ac-841c-5dec-a76a-28dc3560c943
Townsend	3b533cd2-8b19-5412-b575-99e37990ff96
L�vi	13a0830b-48a5-5c37-a7fb-bfde185ff9d7
L�vi	13a0830b-48a5-5c37-a7fb-bfde185ff9d7
Franch.	4316e227-2007-5d22-96b3-9d8f230fdbea
Sav.	4316e227-2007-5d22-96b3-9d8f230fdbea
Blkr.	fd4fdbab-8d4a-5aa8-aa86-78e73eb7823a
Kieffer	1ca58a5b-a427-5f48-9ceb-126ce7a13073
Cockerell	62204a9a-481d-5222-a638-b49fde1e765f
Dejean	79c5262d-e882-55bb-afd8-01f4327be7f3
Hutchinson	3b21d357-531f-5e7f-bb74-60be79ee8c67
Dalziel	3b21d357-531f-5e7f-bb74-60be79ee8c67
G.	d28d8389-8c7c-548f-b95b-dec17d474f16
F.	d28d8389-8c7c-548f-b95b-dec17d474f16
Matthew	d28d8389-8c7c-548f-b95b-dec17d474f16
Fernald	592df457-2d27-5a35-babf-e4d0573d73f2
Marikovskij	1edad186-a0c3-58e2-b912-816ba339a134
Alexander	1b954fae-4bb1-5d1c-be13-1e512f4e9559
Wheeler	eb6891d8-c611-5df0-aba3-4f07e8bd4cc8
Cockerell	58d7752f-223b-5e0c-b643-209924a4169b
Chamberlin	a05278ca-79e1-50f0-bb72-11eefd08273d
Pilsbry	07419005-d0fc-50ae-b155-d54dee00f170
Plate	fc4e7bff-3327-5f08-9a60-1a9ab0ed1408
Thomas	011d6d53-fa5b-579d-9817-df42088a9258
B.	a82afb80-4de4-5453-9d8e-758f0ead14b2
Fedtsch.	a82afb80-4de4-5453-9d8e-758f0ead14b2
Basil.	a82afb80-4de4-5453-9d8e-758f0ead14b2
Silvestri	ca8553f0-5b0b-5ab8-8b56-720a61c4b7b6
L.	4944a7e0-a0dd-5fa8-b47f-058a446861fc
H.	4944a7e0-a0dd-5fa8-b47f-058a446861fc
B.	4944a7e0-a0dd-5fa8-b47f-058a446861fc
K.	4944a7e0-a0dd-5fa8-b47f-058a446861fc
Lourt.	4944a7e0-a0dd-5fa8-b47f-058a446861fc
Strobl	95e31fa5-b05c-5056-88b8-e7c912a72dc6
Kükenthal	e1838912-8d1a-5aae-9b5b-a471dd670948
Brunner	93f20749-659a-5cbd-a82c-e27c7c4db75e
von	93f20749-659a-5cbd-a82c-e27c7c4db75e
Wattenwyl	93f20749-659a-5cbd-a82c-e27c7c4db75e
Pascoe	ccb86911-8a69-5923-a36a-50b6d02343c0
Bull.	13c607b9-7bdf-53e0-9ffb-9413a8dd3469
Villeneuve	7d4ce0af-20c8-5535-92fb-d68037300781
Garg	0cb337a4-b7f2-5611-a4fc-e0e429b6c252
Kuhl	470e90ef-686b-5a6b-835e-7a27cc826afd
Oudemans	f9e32dae-6b65-5f64-8b55-f4dc75348a71
Olsoufieff	c16a02cf-1f2b-534c-995b-caf7d9fb97c1
Antoine	a6af453a-8a47-5825-a1ad-d24fe4e2b189
O.	f69ba0b8-ab4b-5d64-be80-7ee299943eaa
P.	f69ba0b8-ab4b-5d64-be80-7ee299943eaa
Cambridge	f69ba0b8-ab4b-5d64-be80-7ee299943eaa
Zetterstedt	93c4776e-fd75-51c0-93f9-a06ff1efb8a9
L.	fb23876e-4fd6-5964-bee3-461074f5db87
Delfinado	1baac4de-d47d-5cb2-9299-0430b1ffb04e
Rafinesque	57d9dd5b-3c04-574b-8236-94ab3491bb08
Burton	5477686c-260f-5762-82f5-1737d850f943
Zohary	ae314040-9b04-5bea-af5a-0d75708b67c7
Zohary.	ae314040-9b04-5bea-af5a-0d75708b67c7
Dall	7548d905-713a-5fe2-b625-ec4e5567b581
Bertkau	d4b27674-3672-5f9b-87c5-f32b1769f132
Regel	de3fc893-6977-51fe-8619-a923ca934dd6
Hedb.	de3fc893-6977-51fe-8619-a923ca934dd6
RUPPELL	6848099a-d851-52ba-86d7-ca355d1a4e4d
Alexander	62d56fef-d31a-5105-8a5c-f8a50f74c453
Goetghebuer	99ff5e31-ac47-5e4f-b8e2-c8d4d35e9f7b
Schoenherr	f6a73f02-d77c-5efd-878e-390d56a1fd0c
Dall	9af13451-045f-5e2a-b126-1a4a5f055de3
Poiret	9558bf62-d3ba-545e-8f5d-a3216976347f
Lam.	9558bf62-d3ba-545e-8f5d-a3216976347f
Hooper	9558bf62-d3ba-545e-8f5d-a3216976347f
Günther	a0bb8715-5905-54f4-9140-f47a2939dbe3
Klaus	a0bb8715-5905-54f4-9140-f47a2939dbe3
Korotyaev	ed36228d-b740-534e-838f-3bd26cf283fa
et al.	ed36228d-b740-534e-838f-3bd26cf283fa
Mert.	a108574f-aea7-55fa-8ab2-48e431ecaf0a
W.	a108574f-aea7-55fa-8ab2-48e431ecaf0a
D.	a108574f-aea7-55fa-8ab2-48e431ecaf0a
J.	a108574f-aea7-55fa-8ab2-48e431ecaf0a
Koch	a108574f-aea7-55fa-8ab2-48e431ecaf0a
Kuntze	c6d26043-6162-5514-8e11-b506d8e3ca87
Nevski	8581a63a-1710-5433-b38c-ff9c8b38705c
Woronow	8581a63a-1710-5433-b38c-ff9c8b38705c
Popov	8581a63a-1710-5433-b38c-ff9c8b38705c
Harz	8c4e1593-92db-5190-b9fe-36f6c181a659
Pančić	f9735b8b-c18f-5835-b65c-9c103914882a
Brummitt	a1e0fb9b-4c6c-5efe-9dfa-ee7b72120d50
Seyani	a1e0fb9b-4c6c-5efe-9dfa-ee7b72120d50
A.	a1e0fb9b-4c6c-5efe-9dfa-ee7b72120d50
J.	a1e0fb9b-4c6c-5efe-9dfa-ee7b72120d50
Paton	a1e0fb9b-4c6c-5efe-9dfa-ee7b72120d50
Devillers-Tersch.	4611b317-b652-5bb2-8afe-fe7c96a9bbbc
Devillers	4611b317-b652-5bb2-8afe-fe7c96a9bbbc
Dedroog	4611b317-b652-5bb2-8afe-fe7c96a9bbbc
Baeten	4611b317-b652-5bb2-8afe-fe7c96a9bbbc
Flausch	4611b317-b652-5bb2-8afe-fe7c96a9bbbc
A.	e7479773-176f-5e8b-b2c9-2c5836d4426a
Vasco	e7479773-176f-5e8b-b2c9-2c5836d4426a
Westerg.	738c1fec-5773-5fd9-9aa3-12ba57238727
Bedford	1abc91df-a487-5124-b70a-93cee2ec6c85
Bedford	1abc91df-a487-5124-b70a-93cee2ec6c85
Voss	9bcd19fe-bf55-5f28-90be-4b52b3471851
Wisniewski	a46cadd3-fbcc-5df0-9741-d3aa4de50c91
Hirschmann	a46cadd3-fbcc-5df0-9741-d3aa4de50c91
Costa	9537619f-57d1-543a-8ea5-f364d57a6de5
Castagnoli	d679f090-5bd5-5bcf-b793-fd6548dedb3f
Castagnoli	d679f090-5bd5-5bcf-b793-fd6548dedb3f
Sobhian	d679f090-5bd5-5bcf-b793-fd6548dedb3f
Fisher	166bd764-2df2-5bf0-9663-4d89598d6132
Haag-Rutenberg	1df1c2b3-20f2-5d10-bcd9-381a88b3e9f9
Casey	422a21d3-0201-5f50-bbca-874d5609bd34
Casey	475774d3-811e-56b5-ab49-c5250beabe09
M.	436697ac-9bc2-5fc9-8bf5-806997e23dd3
B.	436697ac-9bc2-5fc9-8bf5-806997e23dd3
Bayer	436697ac-9bc2-5fc9-8bf5-806997e23dd3
Bir	03f1d549-0dd7-5114-8754-da93d43f6958
S.	03f1d549-0dd7-5114-8754-da93d43f6958
S.	03f1d549-0dd7-5114-8754-da93d43f6958
Bir	03f1d549-0dd7-5114-8754-da93d43f6958
Ching	948b5711-b6e9-5fb1-b58b-7b4a0010ff20
K.	948b5711-b6e9-5fb1-b58b-7b4a0010ff20
H.	948b5711-b6e9-5fb1-b58b-7b4a0010ff20
Shing	948b5711-b6e9-5fb1-b58b-7b4a0010ff20
Melderis	1adc61b7-30b8-59c3-9991-0e7ea17f4d41
Á.	1adc61b7-30b8-59c3-9991-0e7ea17f4d41
Löve	1adc61b7-30b8-59c3-9991-0e7ea17f4d41
Underw.	4c1ec605-bd2f-5fcd-93dd-a39effd5b2eb
L.	4c1ec605-bd2f-5fcd-93dd-a39effd5b2eb
H.	4c1ec605-bd2f-5fcd-93dd-a39effd5b2eb
Bailey	4c1ec605-bd2f-5fcd-93dd-a39effd5b2eb
DC.	8604ce95-4a13-5ccf-99a5-99c134b5cdb0
Scoggan	8604ce95-4a13-5ccf-99a5-99c134b5cdb0
Scoggan	8604ce95-4a13-5ccf-99a5-99c134b5cdb0
M.	43091e6f-0f11-584c-a41c-c149a541a30c
A.	43091e6f-0f11-584c-a41c-c149a541a30c
Howe	43091e6f-0f11-584c-a41c-c149a541a30c
DeLong	bdefa0ce-cfc0-51ca-ba4c-aa4649acc558
DeLong	4d0410ab-3815-5175-80d6-88eb28f26cc7
Bauer	6beccb11-3773-5f4a-8c44-8ef2709a4c1c
Ross	4b4c8ec6-9617-5e15-a63c-a069c52fe08c
Hamilton	4b4c8ec6-9617-5e15-a63c-a069c52fe08c
Nielson	662aad56-5b2e-51d9-a5ae-fc19bb3d56f7
Strand	6b7fff6c-d494-558f-bc4f-5b94cb24629c
Cockerell	26b31bc1-aa6e-5fbf-abf9-d5a2c3930ebb
Muller	b19c548d-072c-5137-8552-e97fe4cc524a
Turner	af929430-699d-50ad-9f63-a3860f79701b
Tuzet	fc055680-8fac-58cc-818e-2d6c7a226828
Manier	fc055680-8fac-58cc-818e-2d6c7a226828
Muir	47f31012-5c8e-5103-a7c2-cbc3b339476c
Giffard	47f31012-5c8e-5103-a7c2-cbc3b339476c
Werderm.	0cac6b2d-57ae-56dc-b0ce-1b2d8d11ced4
Backeb.	0cac6b2d-57ae-56dc-b0ce-1b2d8d11ced4
Blyth	21f90d85-1344-5771-8a90-47df44dbc8c2
G.	560c8deb-550c-5221-be82-bace53676bdd
R.	560c8deb-550c-5221-be82-bace53676bdd
Gray	560c8deb-550c-5221-be82-bace53676bdd
E.	7316f55b-ee87-51cc-8b3e-96780912718d
P.	7316f55b-ee87-51cc-8b3e-96780912718d
Ramsay	7316f55b-ee87-51cc-8b3e-96780912718d
H.	0e1532eb-8580-59ea-be0d-008b6e0d9c2e
T.	0e1532eb-8580-59ea-be0d-008b6e0d9c2e
Sun	0e1532eb-8580-59ea-be0d-008b6e0d9c2e
Y.	0e1532eb-8580-59ea-be0d-008b6e0d9c2e
Z.	0e1532eb-8580-59ea-be0d-008b6e0d9c2e
Du	0e1532eb-8580-59ea-be0d-008b6e0d9c2e
Brauckmann	5ceb8c84-5ed8-5a76-9800-0c54573dd18b
Schneider	5ceb8c84-5ed8-5a76-9800-0c54573dd18b
Hamilton-Smith	8c8923fd-60ec-5032-8201-30cb00189d7f
Handlirsch	856030c8-dccb-506c-9078-3457fe761f91
Sody	55bb47d2-a88a-5fdc-878a-42c5481372fd
Timoshkin	d0a0c5a5-96e8-536b-b3a3-e094030f1529
Zabrovskaya	d0a0c5a5-96e8-536b-b3a3-e094030f1529
Barr	a222a0e9-0055-51ca-9f9a-f7633988b1c6
Joseph	ca5f71c3-4dd6-576c-a145-22037b63d7d8
Nègre	7f506373-166f-5dd4-87bc-c8f4896c940f
Trimen	a7fb9233-8d76-5ac0-9d05-860d6e1857d4
Madarasz	10cb859e-6240-5671-ba35-94935caa3a1a
Hosag.	6451bae9-292f-5719-9e8d-98bd60172b85
P.	6451bae9-292f-5719-9e8d-98bd60172b85
J.	6451bae9-292f-5719-9e8d-98bd60172b85
Robin	6451bae9-292f-5719-9e8d-98bd60172b85
Tuthill	fb969134-7edc-5bed-9757-de83f7620651
Hook.	104563ab-af6c-56a2-af7b-dd36a2b46f93
Thomson	104563ab-af6c-56a2-af7b-dd36a2b46f93
Klotzsch	104563ab-af6c-56a2-af7b-dd36a2b46f93
McCulloch	557f449d-12db-50f9-9d4c-0a545f2d5e76
Kempny	4c017a0d-148c-5179-9ccc-6dcf14b07ae8
Linnaeus	84d933cf-6caa-5f82-b9ab-7278c7c322f7
M.	4fed3590-2cde-52d0-a308-ccdf2d23f601
Mart.	4fed3590-2cde-52d0-a308-ccdf2d23f601
Hook.	b349fa68-ce78-5eda-9c3d-9ab16db3922c
Grev.	b349fa68-ce78-5eda-9c3d-9ab16db3922c
C.	b349fa68-ce78-5eda-9c3d-9ab16db3922c
V.	b349fa68-ce78-5eda-9c3d-9ab16db3922c
Morton	b349fa68-ce78-5eda-9c3d-9ab16db3922c
Miq.	6f26631e-982e-5225-bcfc-16c0df3c7961
Markl.	502e04e2-b73d-5948-95eb-cfc4947fcf2a
Walther	1024ccb6-067b-5155-80ba-99e851439d69
A.	88fdc8af-ef0f-5233-a746-4356b606a061
S.	88fdc8af-ef0f-5233-a746-4356b606a061
Chauhan	88fdc8af-ef0f-5233-a746-4356b606a061
Gilli	1f7d2131-cf8a-5041-8284-e136c39b5e86
J.	1f7d2131-cf8a-5041-8284-e136c39b5e86
Holub	1f7d2131-cf8a-5041-8284-e136c39b5e86