columbianus	000008f4-f5ce-5093-ad6b-0f0d356ff42a
integrifolia	00001063-01bc-59d6-b021-9f078d60b4bc
variabilis	0000129b-0f64-524e-abe4-a585c2cf38cf
detincta	00001491-58f8-5c15-b8bb-dfffce22e335
hmp	00002ef5-6ab9-51cb-9ed4-2e5de1ccb268
mda	00002ef5-6ab9-51cb-9ed4-2e5de1ccb268
pilot	00002ef5-6ab9-51cb-9ed4-2e5de1ccb268
jcvi	00002ef5-6ab9-51cb-9ed4-2e5de1ccb268
coralinus	0000353d-95ef-531d-9f58-d3c139819e85
meiacantha	00004687-4ebd-528e-ab92-3d112d0cbbc5
koreiense	00004747-ab04-5ddb-9ed3-a65daa6252c6
granulosus	00004876-5d4b-54ca-af04-381816d17a84
montanum	000052d6-0cb9-51c5-8453-2f845656956f
marginata	000059ad-6510-555b-bba8-673bd86789e4
strumosa	00005b49-2d86-5937-81b6-c5b8e5715e44
furcata	00006315-7d3e-5912-bede-2bf8fb073dfe
wittigiana	00006391-652c-5409-a713-27a0ee235353
vuilleti	0000646a-1eaf-5221-8bbb-cafa79b2baf6
cuspidocarpus	00006bb8-7a45-5f63-a2f4-26483935f8dc
pallescens	00007121-823e-5ead-a11f-2318f8c61273
rubrostipa	000086f8-9c85-50fb-82c9-fe007ad379b8
dissitum	0000875d-a95b-5f53-8483-145e1e6185c4
cytherea	000089e6-12f5-5ebf-a699-818e3d5fd7a6
conferta	00009304-7de1-5929-adcc-229e88c4503d
andegavensis	00009900-d7ef-5d69-ace0-4d7d35e52049
lusitanica	000099ec-6220-5e5f-8de7-88100cc84516
obscura	00009a4d-7ecf-5605-a06c-731d575917be
ceciliae	00009a4d-7ecf-5605-a06c-731d575917be
sinicum	00009f7d-0ba7-5d92-8c6a-177f065b96ba
cardamines	0000a279-49b4-519d-b943-6926b2df290e
aluco	0000a2c1-5cba-5964-a8f8-c7242a231131
burdzushense	0000a366-dcd0-5d78-94bf-f70043cabd7b
ponmudiana	0000a4f4-faed-5d34-8cda-5c212684d1f5
citriodora	0000a846-00a5-5fd7-b5fd-71e33e06ea2a
papillosa	0000ad61-1825-5b16-9e94-f52b873cd44c
circumscissa	0000b03b-ae80-5075-a02b-3350976051dd
strigulosos	0000b311-fa0f-5127-9360-d4630bd7e890
zacatecasensis	0000b5eb-402e-5ee8-b78e-78c011d4c42f
proles	0000c6eb-2655-5be8-b4f2-6cdd4bdef812
eualpestris	0000c6eb-2655-5be8-b4f2-6cdd4bdef812
conspersum	0000da87-5d24-553a-878a-fcf971b130dc
aprilis	0000ee46-2c13-5c07-9117-65f34eb10282
dachii	0000ef47-c560-54fb-813a-afbc2c4dd8b6
suberosea	0000f195-7693-5536-9af6-3c6f57346f75
poseidon	0000f269-f18d-561f-a54f-c0a4ed77a767
titanoides	0000f269-f18d-561f-a54f-c0a4ed77a767
platycephalus	0000fa7c-3cff-5d08-b6c0-9fd9395b9455
robustum	0001017f-cd51-5e4d-b193-ce98acc0292c
similis	00010501-5de4-5fd4-b4a4-d25e38c84b39
marryattiae	00010738-1949-5144-8972-edcf735702bc
inferna	000114af-c7aa-5e4b-b2f4-2886db8bbcae
eoponderosa	00011ad8-0610-5769-a1fb-9f250a411f04
rufiventris	00011e9e-a200-5f02-93a0-9d7fabe384b6
cobana	000121d3-5f78-5141-a1fe-e1485ff09e46
cinnamomea	00012414-1883-5ea5-baae-6194d9b35cd6
cuneata	00012a31-4462-5142-bc84-6041fc33be83
pincenectiae	00012f2e-4e71-5e8c-81ea-7e5bb7ced19b
reticulata	00012f90-0794-510f-a8e9-8975d91c97a0
sordida	000136ab-de4c-52c8-bfc3-14a72ce7a887
angustifolia	000138ab-0c3a-5abd-9e46-24dea0973fc9
pseudonitida	0001424d-a98d-5d07-8bc8-f8dcbd10710c
octoblepharioides	00014856-4b0d-57f7-8e25-442bc893cf53
bryantii	00014bb1-ece9-5bfa-a615-9f539b21f012
subsphaeroidea	00014bcc-34b3-5baf-b70b-c36e062c4f67
intermedia	000150ea-a939-5dd1-b109-0848ae93425f
barbulatus	000151eb-af62-5fb7-96f1-39f584eb7802
uluguru	0001594f-da21-56b6-b4ef-c79026ff32f3
bulbosa	00015a0c-b27b-5a61-b009-cb41e373c495
trigona	00015bf9-6924-56ee-bad3-b0a55b8afe7d
confusa	00016048-9742-5c26-a32d-e6d6c6824f0e
weilleri	00016736-42ca-505d-b05b-25ad6645fa35
congesta	000168cd-2dac-5501-83bc-b341e9370900
phaeoptera	000171fa-6ac5-5105-bf79-d8d511852cd5
chromodontum	00017512-d62b-5268-a3b2-649745d8e7c9
sieberianum	00017654-a780-5ff8-ab94-0e363e200e9f
briggsii	000178fc-77ea-5c19-8ffa-81333e450836
semisyngrapha	00017c70-ef2c-5e43-9906-78e3d4c94b5c
villiferum	00017fc1-a2d0-58e5-80b5-af735f4d3523
ciurei	00018040-8e5b-5cf0-9600-7713dd6fa505
skryabinis	00018040-8e5b-5cf0-9600-7713dd6fa505
intermedia	00018cea-a612-5f91-99b3-012ac78cff9d
rogersii	00018e75-5c41-575d-851d-c0c4f399fb6b
spicata	00019222-b6f2-5640-ad4f-415c4acd747d
fruticosa	00019546-b975-5eb3-9047-6c286b111c26
barrattiana	0001a4e2-d6b8-5b8d-aafe-eb7e234d444b
obtusifolium	0001a86e-e989-570e-b690-b145cd27d68f
macropetala	0001aac2-375b-51ae-923c-49c365d3a51f
aemulum	0001ae63-300a-51d2-b89d-bb78c3c7c6fb
argentipuncta	0001b139-19e5-5edf-a5d9-e5f62ac94ec6
mgouna	0001b3c9-5ad7-58bd-8d24-cb70309569ec
monogyna	0001b53c-069d-5971-81e2-63e62889e8c0
flavoguttatus	0001b649-eb64-5c5e-9ac5-c82e86e639ce
alsinoides	0001b65a-7cdb-5d73-a095-51b4645173f3
semicyaneus	0001bfdc-3ca2-5cdc-adeb-0b26fb7b08a1
ensis	0001c227-5544-54f0-af46-8cf0b326760c
pseudogeographica	0001c3a5-0af6-5028-848c-43890a3b5bce
dentatum	0001c9bb-18f9-51f7-83fa-7b437025ba52
melanopus	0001d3c7-a13a-5639-922e-3b53be643299
canescens	0001d4eb-02d6-5f69-8bc9-f12701c400d0
boissieri	0001d513-6558-5a19-8ef7-d8ebfe7acdc4
ichangense	0001dc70-4fa1-5854-95e1-57fdab113edc
powelli	0001ddda-8aba-52eb-8042-18ac66a01081
ussuriensis	0001e3ee-dd0b-54b4-b132-6f5842a34bcc
imitatrix	0001fb62-64bd-5a00-9a14-55d691cd5402
contextum	00020164-14f9-516c-a238-67bdd0553197
oblongifolium	0002060a-972d-5c87-8cf1-8532753f35a6
lateviridicincta	00020c6b-5cbc-5820-bf70-10e11ecc7065
cepaestipes	00020d6a-0f1d-5b62-83f0-d563a8f3736b
elongata	00020d87-18dc-517a-b259-c9dd3cfd4cb2
leiocarpa	0002129a-2897-53c8-8967-307799bc7ae9
zichyi	0002137c-9d91-5314-8d24-b856ce2079cc
coccineum	00021451-47ae-56ff-b314-cd606e5124f0
splendens	00021a46-5b85-52ca-8f0c-cd200664b675
guianensis	00021e52-b7e9-5efb-a937-ca754f1022ae
punctata	00021e9e-b3df-581b-a24b-02f843cc3590
angustifolium	00022122-5a87-54a7-8ae0-3e9f2c96dbc9
glabrescens	0002259b-ef0a-5619-8626-229c9ae0407c
laggeri	00023a77-c1a5-5b61-8432-ccc4aa8318bf
permeabilis	00024087-67d1-5abe-b05c-bcdb176d4e4d
regelianum	00024106-8918-5554-9291-ab53326cd9f5
typica	000243d6-5256-58f3-8281-fce9d05c0cd6
goliadensis	00024405-fe97-5a82-9356-779b1a47c285
notata	000245a2-dc76-533a-9eca-88ded0fc7506
mabluensis	00024823-e693-5f6f-ae6b-220de54dd444
doelli	00025326-b04d-595b-afc4-19809f31996e
hedgei	00025386-5d7a-5a21-b6b8-5ea3e7e8bc32
ammophila	00025878-9270-573f-8cc8-791c976bc042
baxteriana	00025968-3cd5-5cf3-976e-af3b90e7f129
parthica	0002779f-7076-5fe9-aa10-d3445de26e17
fulvescells	00027bc8-06ac-5107-bd17-d9bf9a888972
seminuda	00027f70-ff25-5524-b135-efe25c849639
sempervirens	0002801d-15f8-5d74-8644-c43c3ec592d5
cockscombensis	00028834-fbb6-5708-ac08-497420b7ccbd
typica	00029374-0d85-5667-b842-6a835cdf6204
usambarensis	000294cc-9867-58d3-a99a-a3138c120efc
ericoides	00029d20-b384-5a47-8af2-31e2d18a8319
crispa	00029ecf-c5ca-58f6-8c69-e6ee0b1f30aa
genua	0002a669-49d6-5103-908e-d7410218b6e7
variegatum	0002a81f-595f-5621-a85b-3c22bf69d4e5
abhansis	0002aa49-c870-5739-987e-90dcbe1464d2
guaranitica	0002ad67-642d-5edb-b4ab-670364bb6911
cheiranthoides	0002b30c-c0aa-5cfc-8d30-c7d838ea7c20
kingii	0002b737-cda3-575e-9287-5f215f8de907
laevigata	0002be12-995d-5196-9381-9d9c62a058f9
franzi	0002c3a1-c175-59fe-aac7-2dbef5908a45
sumatrensis	0002ce9a-4ba2-5a4d-b0f8-6735cd735075
egregia	0002dbdd-48e7-5672-9e02-3e0c0ea4bc4d
caucal	0002dc2d-6576-5c81-9bca-cfb520c790c2
foeniculacea	0002decd-c9b7-552c-8953-2d562b287519
orientalis	0002e68b-eeef-523f-afc6-42e664238e83
makinoensis	0002e8ee-1afd-5b2e-a6d2-4f6f25dd2f8d
demaculata	0002e9ad-65b6-57d4-9f01-24ffcbd74557
pseudoconfixana	0002ebd8-720d-5799-983a-7b1632ae221b
schottiana	0002f359-72a6-59b6-ac55-2b02e5fd5a97
cuspidata	0002f62c-1c26-5aca-8454-63a68c9f7f21
angustata	0002f80c-d98a-5402-b302-8fabc27a9a9e
controversum	0002fead-d3da-5b54-b869-00dab9dc59bb
aberrans	0002ffa5-628c-50bd-8d30-5435821582ac
gorganica	00030742-4b59-5cbe-8854-a695307aa3d4
obovatus	00030907-ecf8-5288-95ea-dbc4278ea5ca
chloris	00030eec-fa3c-5659-ba68-006bc7de8d9f
longispicatus	00031036-ba74-59fa-9c70-dd49b6e1df22
genuina	000310c8-add5-5d27-ab49-b9e1ea6a3251
mamaesaensis	00031844-4111-5521-88f9-5fbbc5958d82
bardanae	00031f9f-a57c-501b-b940-2f07d1762d46
perplicata	00032157-0976-595d-bbd0-1469f00a6744
occidentalis	00032471-7d34-5f00-a428-b900783ab538
antarctica	000328e0-017a-583b-ac03-8736670dc566
integrella	00032be8-ad8a-5c37-9518-1bf258132782
melanogaster	00032d48-b9e6-5bac-8225-57c376cda7c5
cuatrecasasii	00032f01-b4c1-5b4d-a321-bf09f7572b85
platyphyllum	000332d5-2969-5f1e-83bb-4499ec20c7a0
marginatum	00033bdb-4ea8-5ab9-853f-fdecc2573b29
asiatica	00033c05-50b9-5c28-bca9-1d369bad56f3
humilis	00033d2a-6fbf-521a-9d1a-eda96d5af4ef
manikense	00034155-4361-56de-a105-caef010868a3
infuscatus	00034d63-40c5-5a83-9dae-720f5fffeb28
multifida	00035202-a9b3-55af-8345-ff99553726b1
fuscum	000354c8-36d9-531b-8ee3-a22713d20d55
percussum	0003585b-79dd-5f51-86f5-4dabce204638
bucephalus	00035fbe-7f2a-5f62-8eb3-8f5ba6ebf16a
vastiticola	000364f4-2c82-58be-8aee-8656b335454f
elbursica	00036ea2-24d5-5504-8fe0-90c049239853
macdonaldi	000370bd-149f-5175-ac6c-b063d393502f
ovalis	00037318-dcaf-5dba-bbf7-5dd60813f0ed
teretiusculum	00037348-0235-5d40-9485-39729f6e44a2
callinota	00037731-ed66-537a-8e81-a1275686eb19
spinolae	00037839-413e-5ec8-9be2-7ff882371144
macrior	000379d5-656a-57db-9889-d6ef76ef6b59
conchiiflora	00037da6-9c3d-54b9-b629-ee5b1e59fea8
caninus	000380ab-38ce-5fa4-acec-02f138ffeef3
coloradensis	00038239-ad0b-5afe-98e2-7dabb4af6a23
amazonica	000388e1-8bbf-5480-b130-a061fd196236
ubeidiyensis	00038ae4-559b-5c51-af6b-176a2f70ffab
allantella	00038c80-8965-5407-a187-d64478afff17
roussioei	00038d53-ace6-5f86-acec-b2d451f30db5
dispar	0003929e-af68-5259-9aa0-f5f53b0eef96
firmula	000396e5-fc08-5475-a37e-6da6d8bff3f6
cyaneifera	0003a0d3-3515-51ce-b1c8-41fe2c3dc933
ficus	0003a422-5e23-5803-ae70-c6cd9177d89d
gerthii	0003a4a7-04a0-5778-b01f-58d83c89f7f5
corymbosa	0003a4d6-f03c-5b92-9543-0997248ab18f
campestris	0003ab7b-e203-5d02-9275-e2bf001ff618
palmeri	0003af12-0dda-52d5-a6f0-bc855734743e
pityreiformis	0003afc4-8774-535b-8c40-5b180e18af68
divaricatus	0003b4b8-08ae-5f19-9a91-b0b3f3dd9b3f
sepincola	0003cf6e-974a-5082-8f67-fdf544405963
stellaris	0003d224-5c7d-532b-9160-9995eecd18e9
hupeana	0003d43f-4b18-5044-aca7-2bea5538908a
glabella	0003d8f7-c897-5457-9e45-65e6ff7604e5
gressitti	0003e0a8-d158-5203-ada9-c53de8dd70d2
latifasciatum	0003eba3-0363-5c22-b2fb-0f244ed106f1
daos	0003ec3c-f1b3-5579-ba65-b739b5f4d90f
sessiliflora	000400b6-e5fd-5e70-b05d-39e76e2a7d3f
tarbagataicus	00040ac9-8c0b-5d36-908f-f85522d71734
stenophyllum	00040b52-1af3-5c06-a699-99d11977228c
adunca	00040c5c-57a3-53aa-a0d1-3f4b84d9af84
galapageia	00040feb-1146-5249-8456-b49a006a05ab
biserialis	000411f3-e199-5701-bc65-270fef96f418
krainzianus	00041d7c-088f-5e2a-b40d-e978106a2416
philaemata	00041db3-cb49-5cf6-aab6-49eeee8ee2b8
daguae	00041f2c-3c33-5369-a4ee-ede0f37f5e44
atuntzeana	000429be-00df-5390-a8a9-12dc02ce795b
gnemon	00042a12-a06c-5557-9000-43414fadbb94
virens	0004347d-4088-5cdf-a4b1-b1424ccf7d4e
torquatus	00043ae0-474f-56c0-bee3-e4b4ddd0470d
felipemezai	00044087-2ae9-5880-871d-96c20028a6e7
superior	00044294-77ca-5e0b-9ddd-fb619a56144d
alatus	00044a53-56e0-5b5f-a722-3d174304009f
croceus	000454c1-64ec-54a3-b576-f860c32af2cd
yeast-like	00045c66-2ab3-5149-9e61-e8b92dcc6a68
symbiont	00045c66-2ab3-5149-9e61-e8b92dcc6a68
tardiflorus	00045f54-74de-5c34-b963-23ed26976a90
trichoneurum	000461b1-5a9f-58e6-ad80-74b21448e255
acutomucronata	000464cc-9aa6-5a93-b8bd-4dc32ce3d06d
singeri	000466df-fb38-57cf-b1cb-f889343db96c
thoracius	0004681a-8b22-5b24-9eb4-60d2afc2bc64
sed	00046f89-37d2-548e-b6c3-dab36b244d0c
hirtiflorus	000472b7-e81f-5572-8d30-89aa97e06789
marshii	000473aa-7f4e-5f71-a550-a139a645a1a7
lugubris	00047949-12f0-57d2-9125-ae0b2e99a4ed
zederbaueri	000483d5-771e-519b-85e8-ccc2c826a421
difficilis	000484e6-0388-5263-93b3-39adc8ddea0f
microphyllus	0004888c-3809-51bb-92f6-c4236ed0c84d
sylvinus	00049198-1a2d-5bab-9bdf-388502332202
simulans	000493b6-87cd-5f38-9e6e-fdfa68efe244
microphylla	000498f8-7d6a-5f4e-9964-99ddbb596e58
sarmentifera	0004af70-101c-5efa-9b9f-3b3446e0c2d5
leederi	0004b2c3-5a66-5b71-828d-0da5034d6221
hirtifolium	0004b691-91e7-5a7c-8c17-8d28175a4f19
albiflorum	0004b821-9a29-504e-a3b6-2f6964a3eee8
guandongense	0004bdc1-a40b-5b81-a703-75226a85a200
cuniculi	0004beaf-435e-5acc-baa6-b21d3d9c6934
luetkeni	0004c618-fb87-53ce-873e-bd73cebf0b07
alfkeni	0004d109-03cf-568b-a4f4-815f26a2d192
camtschatica	0004d36e-74ef-5828-bd45-6039e12a4c6f
lakowitziana	0004d857-6399-58c7-be77-463150696acd
microsigma	0004db69-c1af-556a-b195-19c5030d43fa
olympica	0004e92f-79b3-5dcd-a4ab-8bd626574293
fuscopleuralis	0004efbc-8836-569c-95c5-af33c78b27c9
budense	0004efc4-070a-5122-a9c1-e5ca1ca085b1
scopulinum	0004f408-aa05-5dc8-b48c-0bd29ed97ebc
intermedium	0004fdd4-f6c9-5e21-bc49-7d99e0a2cb40
jakutica	00050473-5ca9-5275-8e6e-70cfbe8de612
rufescens	0005076c-c18e-5a4d-8ce4-59db1be78902
occidentalis	00050f25-5899-5245-862b-dcf7b0229a19
unilateralis	00050ff9-8040-51f4-be85-55aead872805
xenius	00051ce9-fbfb-5dde-ad08-40a0b08ed353
macrophylla	00052b83-415c-5976-b6d8-6dd041a406bd
aegeica	00052db6-6f7f-5deb-af41-c09f0233178e
niladana	000532ab-ff9b-56ec-a235-33219ea9ecb2
arctica	000537e1-1b35-51e0-9e51-27cec5204858
polygonium	0005413c-1c24-5a86-83a2-ec247a8e1b16
greenwoodii	000544bb-2947-5e2d-9c68-3f1bff4cafea
quadripunctigera	00054802-4805-5f89-bbab-a8bd819ebf01
longifilis	00054954-5f68-56f4-8af6-050fc971e68b
purpurea	000558f9-2752-56cb-945f-f562d934aa69
dasycarpum	00055aa3-3fe3-52bb-a7e4-b369d141c93e
insularis	00055e12-1464-51fc-ab4c-4c0296f76fda
arvensis	0005647d-b26c-5eb5-8e8b-081d2342df7a
innovatus	00056a83-b7af-555a-931a-fd16e4c6a097
parvum	00057036-093f-5a1c-9d2d-1e669024cda1
rotschyi	000570e2-8744-5675-a48c-1449a1a33d44
barbiger	000577f1-0a21-54b9-9165-b40bd2451ecc
maderensis	000579d6-6fb6-55db-aab2-b774fdb3bd6e
chiriquinum	00058382-bad4-5a4d-b7bd-49ab05d1b947
pubescens	00058d74-f8ac-5e1d-b8ba-c7d43eb25140
densa	00058fe7-ecd4-5e4e-bc32-4e0098901042
pseudopentandrum	000591dd-7f8e-5336-85c5-374a454a3ea6
pamphylicum	00059e61-76bc-5a07-ab0e-91922e9dff0d
philippinensis	0005a84d-b754-52a9-af0c-ba4cc1482949
longisetum	0005aa4f-5921-505f-8fe3-18f16b16118a
shortii	0005ad3f-76bb-5db3-a6df-9415b15a264c
angustus	0005b23e-5427-53f4-9a79-359b056548b8
citrina	0005c830-e2f9-5f76-b9b3-df523ee61192
globosa	0005c955-ae02-538b-8b3d-da1c0810c827
simplex	0005ca50-fe5f-5511-b21f-f7f444e18557
wheeleri	0005cd04-7f02-50d3-b2db-4d749f52d24f
carnicolor	0005ce90-d61f-5cc6-9673-68294e187b68
gussoneanum	0005d102-c334-56e1-baed-9046a757d8af
vitiensis	0005d3f2-571e-521e-9d19-4bda6d73545c
archeri	0005d57e-e894-57cb-ae71-d69942a54cab
unisexuale	0005dc6c-fec9-5ce7-a241-446e45ec67d7
longipes	0005dc84-891d-54c4-987c-3e949bbe48d3
tasmanensis	0005e09b-665d-512a-80a4-4bdece557cf5
azuaensis	0005e95f-07a8-5f49-b81f-0943936b5bf3
occidentale	0005eea5-0211-5b00-8dad-41089e202ce3
laxum	0005ef2d-25ab-5910-9533-9542f2764544
unguitridens	0005f707-942b-574f-b967-5e69338ee916
tong	0005fa38-191d-514b-aa52-fc0cacbf0245
scabrum	0005fac7-d266-5121-8420-b5bceb1b9e63
neilliodes	0005fb0c-c2af-51cf-8baf-4e08f91c1452
parae	00060754-1964-5f16-8b38-e27ce2697f37
lilaciniflorum	00060b3d-57ff-5ba4-b3cd-90db1ece1d66
spinosa	00060c9f-8400-549a-b447-6a41e28a0110
latifolia	000613c2-3e2b-55e1-a62a-4adf8245c9b2
depauperata	000618bc-5e80-5858-90ba-9dabea33ce08
trifidus	0006272c-daaf-54b8-99b1-79ea7c2962cb
minor	00062d58-ba03-57c2-b20d-3fb216c84b27
sieboldii	0006354f-fb89-58e8-a2a6-367bb0cf23ff
amanica	00063a7a-1243-5f67-8717-b67975ed9a0a
tournieri	00063f53-fdc4-567e-8715-b84a3a10cea0
pulverulentum	000645e9-d228-5f99-9eea-96497730ff09
lignicola	000648b2-3314-59c2-aa5f-f3834f5c7e1c
perforata	00064d73-56ed-5aaa-918d-dcec08f60754
cristata	00064df4-224f-53ec-bce7-e14323408ce1
tephrocotis	00064ef5-e361-5953-8552-c198b93cc097
ukelelensis	0006516d-db33-5b70-ba64-33315b9bfd3e
floribundus	000666e0-639b-57c8-a90b-2521eb1be122
bellula	0006698d-094f-534c-9f40-2b56f45efbf5
tetraspora	00066fed-596b-5ef8-a51d-163c990188f4
himalayensis	000674d9-89ab-535f-ac94-b8a3383a09bf
ninohensis	00067f00-b1e6-55e6-a469-f8609d3bcc2d
tenuifolia	00068003-b91a-5a47-b4af-3e424d060afd
euniceae	0006890d-7c8e-5c04-8c16-32f7404184d9
daguae	00068d59-b240-5a8c-bf8f-a3b7e405d26e
parvifolius	00068e6c-090b-5f4e-8f48-5bb4ec1016ea
nigricapitus	0006926a-033a-5191-98fd-ecd57d97092d
malvaceus	0006936c-889a-593c-8b96-767983e00181
bolcana	00069663-75ea-5d55-bd62-f3426be0ef22
morongi	00069cc7-1afe-537d-abe7-54734c9938f8
finalense	0006a23e-d124-5101-80c0-91de43aab429
flavispinus	0006a36a-df59-5ab0-b5c3-e3b111e12395
fulgens	0006afa8-0555-5acd-a4b3-ef941cf71808
humilis	0006b6b0-8507-57d4-b194-02132312fcf1
yunnanensis	0006bedc-e4d6-5f62-bd68-0246e465fa17
eucalyptifolia	0006bf5a-a57d-539e-9fbc-f3a5c5d8c757
typicum	0006d43b-514e-553a-987d-07d2e24a9411
acutiuscula	0006d731-17a0-5997-a05c-9a058867add5
strobiliformis	0006d7ad-4776-5983-89aa-cf57c744edee
virginiensis	0006d93f-7caf-5e57-bd28-4604654ab8a1
elata	0006dad1-7356-5e0c-a099-ab1048a251f9
major	0006dde8-9e75-5bed-a6f9-94dac9a66707
eu-filicinum	0006e739-0fbe-5f01-a088-8e9c7a4b3ca0
claviforme	0006e769-62b9-5235-806a-35ce498aef49
nana	0006e864-080a-5348-bd6e-69e57ebd083a
overlaeti	0006f7c7-5890-51ac-8ec8-5a5bc179e9a5
schotti	0006f871-a9f2-5ec7-8f96-824e34badef2
macrodon	0006f967-3dc0-51d1-9cef-1f4ca2bbba45
parallelepipedus	0006fe9b-91f5-5b6a-9e28-1136e27f8f9c
breviaristata	000708e1-f9ca-5b3e-945f-9b1a7b3e1c59
buergeri	00070932-b559-5eaa-84f9-40b6fafd7998
aureorosea	00071b97-e782-599f-b8e0-41b904b68066
caesa	000729eb-2da6-5444-92b4-91d2c50bab26
caracasana	00072e5e-996a-5209-9fb5-e63140187a31
feriatum	000738c8-bd01-5c2d-bc94-b8eebc0134a9
pendulum	00074549-1b13-53d6-8256-be21d968f0e6
punctatus	00075e2c-515b-5d7b-bae7-76efaec5829a
texana	00075ed7-12bb-5b8b-8772-d679debc961e
brachyrhynchus	00076240-c4b8-5379-943b-0bbc7de6e3da
cuyamensis	0007654e-915d-581e-9d2a-3d461111bfea
bergistanensis	00076861-c257-539f-bc27-167745acd0c1
glabricaulis	00076f8f-9618-53be-a9ea-f05177909928
varium	00077198-30ec-5b1d-858f-54cd0fe7dbe3
quercuum	000772ed-cfb0-5606-85fe-e984584fe419
cabira	00077d05-a3cc-5183-916d-b0fc9bd8f89a
concolor	00077d86-8d6e-5d3e-8285-d9adfb25a170
tosaensis	00078544-be53-531e-9140-f39ea3994ee9
zhenkangensis	0007894a-840b-5205-8214-3cdb6d6b9ff2
nuda	00079439-c901-57e2-b335-a224791557a1
pedicellata	00079892-b623-5598-8577-3f206c2f6c79
strain	00079973-c0b7-5413-9c46-fdf7fc36f3fa
angustifolia	0007ae61-46d9-5851-bc3a-df8bf1a1acd9
loranthifolia	0007bbf5-6993-5a94-845d-03aded1c6329
inalienum	0007bd83-38ae-5357-b3f2-6dd66b1294c6
violaceus	0007c054-3d3b-5d1c-868a-384b570c2861
cocrulescens	0007c213-1e8b-5a80-9cc6-0bcff90987de
str	0007c8e9-03f3-50a1-adbb-63b5dbf58b77
breviscapa	0007cf48-84c1-5ea6-9b76-7bca0981a6b8
obscurum	0007d5ae-7e70-5aed-97af-1a386c63ae31
stenophylla	0007db71-d510-5090-a8e6-474b2755335f
sublaevigatum	0007de7c-e6c3-57c8-be2e-28a9feeea219
cochlearis	0007e0f0-0075-5c26-a28a-b4f827f50849
bicolor	0007ec75-b867-5b2e-bebd-a6b70a91c17a
untchjii	0007f832-c03f-5176-a2a9-bf1283b4155e
minor	0007fb06-1271-5062-9979-5dad2ddccee0
portoricensis	00081266-9d1f-5e42-b3e1-93c95e7851f1
hebridarum	0008144e-f385-5011-86b9-233b13c65ea1
brunescens	000816fb-895a-5a04-bc76-f6a896511292
carpatica	0008178b-e35b-5770-95fc-e52e6d0fc513
sowinskii	00081abf-ec1e-5fbe-90fa-902c0c824eff
fairholmianus	00081c16-7133-5a36-ada1-cfa12ebdfb2e
lasiophylla	00081d1d-27ea-50ad-8b32-a89c75e787e2
decolorata	00082385-343c-528a-aa40-2160ee374e29
intermedius	00082f75-141e-5fe3-91ef-a3a18042f44a
sacerdotis	0008385a-d371-5c8d-bbac-1fbe2f14221b
angustmyceticus	00083a96-859c-5203-a39a-c70f0e471a18
pleiocephalus	00083da6-501f-5e4d-9a72-36ccea68993f
longipes	000841bb-8628-5e86-b53f-1947ffd311b3
valeriae	0008485c-eddd-519c-958b-643c25aafdda
rupicola	000848bd-5ea8-5125-b6ff-162faacd3b37
brassii	00084f9c-3c95-5f09-96fa-43b03316fbc7
bissa	00084ff5-8d52-52d9-ae5f-a3268a17d84b
radicans	00085127-e94f-5545-b42a-c562bcf3dd62
denticulifera	0008550f-f705-560a-b41d-3b50231439fd
transvalica	00085793-0fc3-59a0-b34a-2ba7b32b1c74
integrum	000859a3-054f-5ad4-bcdb-fabcf23cf16e
isabellinus	0008650a-38aa-5191-832d-1121aae2053e
bulgarica	00086542-5a67-5bab-a335-c0c41a616765
costa	000866f1-60bc-5ebb-a797-9d4368139936
stygius	00086a17-9532-5bb1-901b-78a5c44ee4af
willmottiae	00087549-b3c0-534d-ba7e-27969da532c7
tartessus	00087920-4025-58d6-9543-2fd79b5b50c7
caborabassae	00087def-0da3-5a9b-8752-f5e81e780315
acanthoclada	00088464-7dcb-53f6-adff-2508dd5a7a63
glabrescens	00089429-e647-5cb2-82c4-6dfb194ff152
longepilosus	00089747-6512-5824-955a-147db256c1e2
longifolia	0008995a-40f3-5ae9-a0fd-52f4a0382996
muricata	00089cfa-8b08-54d6-a040-ceb46147ae4e
lutea	0008a59f-16e6-5636-8609-4637468a803c
glaberrima	0008a8da-6535-5c4b-ad8d-c26f70351f95
pasqualei	0008aa32-1778-5d8f-a49f-db3fec1d6dd2
bilenguensis	0008ab4a-6a1e-5078-b3b8-0ced42a8888e
badgiri	0008acc7-6ab0-5770-a257-dfc977cdea19
celastri	0008b0a9-a346-5cb0-a3de-0ec9d942a26d
taiwanensis	0008b7a7-e749-51d7-bd04-696f9745a05d
delamarei	0008ba5a-d3f7-53c6-96d9-9cfe35d8ed14
cinerea	0008bf9a-1f2c-537c-b3bb-8277bdd7f011
kitaibeliana	0008c69b-6063-5a42-862a-b37456e0ea37
zebrina	0008cd7d-ebe4-584c-9f50-7cd528519be2
conistea	0008ce23-590b-5c55-9a92-6794d3432ee9
javanica	0008d04f-412e-5940-86d0-8959310f51c7
johannensis	0008d7e3-4e3e-54f4-a389-9190a9aec3a3
tsingchengshanicum	0008db8d-6299-5a1b-9b99-27a5971eb202
macrocephala	0008dd36-bfb5-5fe3-a47c-b56fe1cfc849
aphylla	0008e13c-76a9-5a61-8ec4-726cc0360032
montemartinii	0008e3dc-e40d-58b6-a823-e6061897d901
monococcon	0008e628-2e8f-57ff-a01a-770f6f7e9779
caraganae	0008e71d-7398-52dd-8d80-2743191f0cc6
salamae	0008eb52-e94a-5d8a-b55b-78e23ed39583
polyclada	0008f311-6a16-55a6-b7d0-385affc059a0
lanceolata	0008f3e4-ce13-544e-bf96-23212f0fb4a5
linearifolia	0008faae-36fb-5bd6-914c-2488d16b4b75
magnus	000914e7-aa86-5ca9-9455-ec3afe7591bd
carpophila	0009168c-6bd4-54f0-a6ea-81b3ddb7d60f
ambigua	0009290c-377c-5ab8-bbf3-b5e9d2c40e38
talifuensis	000929a6-7646-5179-996d-8310fd91326f
kaszabi	00092a89-addf-5081-9808-a46cdd8101ff
longimanus	000931a3-cba5-526d-b832-c2d8bea65338
scalata	000932d0-5459-58cb-af4c-5093188cf159
hungaricus	0009340a-8419-5bee-b79d-9b4557b050c1
duerinckii	00093a2b-a7ec-5b91-9d6f-1f114cf74b47
capsellae	00093b93-88a5-5d49-a5f8-255febe0a157
pe-tsai	00093c82-0603-5967-84f8-e0c4b89521f4
reticulata	00093e2a-ea8a-5107-91ac-a48c8be1bcd4
bungei	00094a1b-f5c8-572a-af27-8b92e91b3142
tristis	00095d69-3961-506c-9d8c-a23917c7e42a
saponariae	00095fdc-c748-5954-b9e1-c49fe1033621
lucida	000962ab-6871-5c83-8020-056b5270de8e
erythromelus	0009658d-a001-5281-8a93-46d7eb3b2936
bulbosa	0009661f-2a2a-594a-ba0a-0e28cb0dfc99
curta	00096959-49a4-5767-851d-fa999b990445
psepharus	00096a96-de72-50ce-b03f-6a16664dd054
deflectens	00096aad-2846-5b94-bc91-5d674f6f82a1
sitarches	000971c4-c992-5e93-9959-faef1acc7bb8
cyprica	000972c7-5453-5160-97db-f4e16f8c2eca
mossambicensis	00098172-7ed2-5112-b9a1-8d8ac200d496
quinqueloba	00098a73-110a-5f26-ab19-53d4b76397f6
versiformis	00098bec-f0f9-5a39-bf3b-4d21e0176fd9
cleanthe	00098d37-215b-566a-ba97-0e042f864cd8
japonica	00099586-a3c9-513b-bd8a-e3a011a203cc
dasycarpum	0009a096-90ea-580d-947e-9de554c7dd73
nocturna	0009a390-261b-5d41-833b-0a5c631ff458
infra-immaculata	0009afa3-bc6a-56a6-84b8-fa0c1ede21a1
hibisci	0009c125-c5fe-51a0-b52a-ae04ce05c2be
meridionalis	0009c673-6eaf-58ca-ada3-434b5ba167bc
matronalis	0009c6fe-5a55-5f4d-aeb9-38860ae79da7
hamadryas	0009c920-1002-58c4-a68a-0d4e0146e033
anubis	0009c920-1002-58c4-a68a-0d4e0146e033
kennedyi	0009cdc6-8c63-5966-8313-c632116884e6
dorbignii	0009d020-f3fc-546a-a0e7-7570b4278a4d
dianasa	0009decf-a0d6-54bb-a4f9-95507d27f442
pallidabasis	0009f789-0ecb-5b76-ac2b-2732411c70b2
pombe	0009f7bb-b05a-5a78-be17-b1c8707c5e64
markings	0009fd6a-1854-5ba2-bdfc-7d9be64acdd3
scardica	0009fd7c-77bf-5e23-8b54-dcaf28bcd152
microtheca	0009fee8-97fc-548f-a18c-1625bf3f9219
potosiensis	000a0057-d995-522b-9bc8-14ea4ddeda3e
penicillatus	000a0142-f80c-5345-9945-b4e1e3db1ba1
cutora	000a049d-d418-52e6-9e09-49a471ecca04
alatum	000a0511-fe9b-54c4-b08c-1047d0eb5b38
regalis	000a0821-bc7d-5c93-9b7b-d118311722d9
glyphaeicola	000a1788-73aa-5e9d-9e33-65889c84184f
nigriloba	000a207b-fb65-5725-b3df-bb463c7e7b3e
brevipedunculata	000a24cb-314d-5add-982b-dee824e755ca
longipetiola	000a2870-e4d7-536a-b0f5-5db012bc3b39
miyabei	000a2e53-704a-5c43-905f-278927775ef2
filifolia	000a306e-e100-5e78-9914-b583f4ce06f6
albissimus	000a3214-3a6c-50a4-83c5-76aec340ac92
prostrata	000a37f2-4da3-540c-859a-382bc7accef3
subglabra	000a477f-99c5-5065-8fcb-bacff26236ea
montanum	000a484f-508a-5060-ac77-1d95de224d96
minima	000a4bdc-e690-5b7f-bc51-a50c86a35ed3
grangerii	000a4ffc-da25-5e0a-9e06-fbed55947cc2
gracile	000a51a6-fdd3-5f5b-b948-fd3a1533901e
grayana	000a5540-b212-55b2-aafd-6c631ab3fa7d
normalis	000a5a68-93aa-5a9b-8322-793b6108cf7f
alpinum	000a5aa3-2897-5de3-82a1-b9fc88b31ce6
digitata	000a5cb6-0e70-5afe-a41c-520090c50863
brevifolius	000a6612-e7ff-59c6-8ad6-c85314374940
incarnata	000a6c7a-1cd9-5011-8fca-6f2d903d3285
swartzii	000a7f3c-fb02-546d-adf8-bf2eed12cd4f
parenosas	000a81a4-050e-5e9b-bf13-7ca962a9dbc0
anomala	000a8c50-790b-59ba-a686-7fc68c462add
seorsa	000a985f-2752-5b0f-9034-31960b81ddc3
sessiliflora	000aaf73-8f7e-5c30-8420-e480f215ba16
emend	000ab0b4-391d-5197-9a11-6884f3a9c770
ignoratum	000ab10c-d7fb-54b7-9331-b034ff5f9262
nigricissa	000ab195-90b5-5ea3-a216-881a8dc13738
cinerascens	000ab43b-f877-5727-80bd-3a7fda2f4430
flavescens	000ace1a-abe3-5d27-9c7b-5b1b1a21aec2
livida	000acef3-d5a1-5162-aa33-cc0bc9887358
normalis	000adc54-6abd-5058-8980-bfa387d20935
reticulata	000ae432-783e-587e-8051-0fbcc3b1c0fb
zebrina	000ae55a-1858-5d82-8200-64590f36b4e1
simplex	000aea06-1820-57a6-9018-d75aa27b2b54
tricheilema	000aece9-8f0b-5575-8d1c-f6d83cac0454
lignosum	000aef57-6058-5327-9584-c9b29c175a4e
major	000af19e-16fe-5dbb-bf4d-aaa373bcb2b3
tanacetifolium	000af5fa-810a-5d09-8465-5414d08657c3
eshowicus	000af992-4d80-5726-b1c3-c6f5c4b5624e
tharos	000afc79-dd44-521b-bd91-b05eefe56ada
marcia	000afc79-dd44-521b-bd91-b05eefe56ada
bonitoensis	000afd60-a83d-5a61-bf8d-a04649b83510
caudata	000aff6f-f7b2-58ae-8bc2-90140ecc9ebe
filicina	000b0d6c-0a86-5dc4-9f21-3acdf1549a78
typica	000b0dfb-a257-55ec-bbae-f8e583e6fb94
meruensis	000b0e67-4f64-5bcc-b8a3-efd22830e2a2
laevigatus	000b0f26-079c-52ae-912e-c8631ba09938
scaber	000b14de-c223-5419-9140-fcb76525460f
endocrocea	000b1afc-b253-54c0-8e52-ea6af78f1031
nana	000b1cdb-effe-5078-9ba0-176f1bb0d458
chartacea	000b2151-24b4-57f9-a36d-35feca1dc503
deserti	000b2944-36eb-5cae-aee2-2d90c5f9dd3c
shibatai	000b2c1b-3b0c-5f51-a483-f2e406c6b428
section	000b2e66-477c-5387-96fc-764655be4567
typica	000b46a6-8986-54dc-abae-d0584e845ef0
firouzii	000b4fa4-1755-5049-9c75-d914761f6494
glabrifolia	000b5558-0e72-5c16-81ec-15c650951713
sungariensis	000b55ee-1b9f-5820-ab6b-9374fd0273ba
leucocephalos	000b5ad5-3e1e-5ed2-a29e-3d84c1a1d827
latus	000b5d26-36a4-5523-997d-09541d71fa01
lagunetto	000b5f17-4972-5d8b-a205-de19b94e7171
rostratus	000b692b-df72-5334-a61b-21a5afd6776b
alba	000b6c92-eed7-5dee-8b5b-971fac2887d9
pubiflorum	000b6d47-255e-51bc-87ba-97e6124342d1
str	000b705d-1f4b-5bf3-b551-bc4e572a0281
pumila	000b74e7-536f-5813-a8ae-3fc203616927
transcaucasicus	000b7587-297f-5348-8c12-dd3780d66577
nigrescens	000b759d-3276-5426-8288-55df50a1d2a5
filicornis	000b7fa5-6014-5f0b-aaeb-0595aaf49870
sordescens	000b8926-f12e-5880-bb5b-a9e8a2489696
shensiense	000b8e04-4f2d-5c19-89e2-4055bc145e89
caurinum	000ba6f6-eb51-57af-89c9-626fd3eb0f04
arboreum	000bb3e0-202b-57f9-8d26-582c9f90446b
albifasciata	000bbace-f4c2-52c0-b888-9334423ccc56
oblongifolia	000bbe9d-b613-5618-9c1d-e06a74b9002c
tenuicaulis	000bc219-85b1-5172-a84a-c27e28bc49ee
canaliculatus	000bc315-986d-5ba4-8e3c-f0efec739482
parviflora	000bca07-0340-57bc-8ce9-c68ad4dd52eb
altissima	000bd16a-295c-5dfb-a2af-13ee0641b1f4
glauca	000bd1dc-b94f-568b-bd34-39ff656d7644
strigosa	000bd576-cecc-5b5a-ad06-b0c34f0f67d6
incanus	000bd768-ced5-5a4b-92d9-ef2b893ae8cf
potaninii	000bdd41-db4d-523c-8e12-b01888c284a7
mutica	000bdec7-098e-5260-8d63-2fa376cb91f6
ablata	000bdef9-4e52-5f28-9094-9909f7051a05
cuspidata	000bdf4d-eeda-5639-a224-d10e19c6a90f
vagans	000be90b-8b76-5af3-83c6-f398f9ff5707
chuansiensis	000bed1f-6cf0-5eda-9b3a-bbb22508116a
elongata	000befde-3c24-52b8-bc55-13051539901f
typica	000bf109-5710-512f-8a56-ac20771a240b
brooksbanki	000bf4bc-cf12-550d-901e-27272510abed
wilkeae	000bf6e2-1284-5951-a075-0b3d88e09e4b
acutifolia	000c00e0-57c4-5cc1-86f4-0231955fd1f7
conjuncta	000c114d-70e7-5826-b792-8d6cd29936c2
dea	000c11f9-d759-5910-ae1b-dd12e1c1c8bf
hedini	000c11f9-d759-5910-ae1b-dd12e1c1c8bf
stephansenii	000c12eb-1764-57a7-a2e8-a80f164a9571
albescens	000c1674-67b4-5e3b-8ef5-1ac0473b823b
melanura	000c1a5b-ba91-53ad-a1fb-b7d104b2de46
olegleonidovici	000c1ab2-ba94-5bd8-ad14-90f56c87ea81
laevigata	000c1c18-1cd3-5694-855c-bd8f790304f1
albiflorum	000c1fa5-1592-586d-a72a-a86edffbb13f
concolor	000c20ba-f9ea-57ba-ab3d-0cba84f7d45f
dictyota	000c25d1-ad8b-54dd-b036-99aa80440cb8
forfex	000c2b97-bd00-546f-8012-30e7e03739c6
carnosus	000c3041-47d8-5884-a171-f8bcd30c04ab
herbaceae	000c419e-3be5-550e-ab23-3756be0f9edb
riparia	000c47ee-02a0-505a-9c3a-0111581fd01a
austrocaledonicum	000c4a77-0c03-546a-9e39-814df98b079b
adramitana	000c4e2b-64de-53f9-ac71-8aec0e294dbd
dakaensis	000c4f49-a245-52e8-899d-ce718c85112c
eriocarpa	000c56b1-b7cb-5614-8c14-63c95e71c9fc
klemmi	000c574b-b20d-5d87-aa4b-d0f13aa46c7c
lancifolia	000c5dc3-61ba-5da3-ac76-3dddfc83c343
major	000c5ea1-6287-585b-a8ae-df7aedb0526c
maxima	000c6d29-0f23-579d-9bba-c734548d88e8
andres-molinae	000c709d-855d-52bf-9384-79cfe0ad97a1
fumosus	000c8f92-c57e-5ab8-90a4-6fe6d7b4ccf4
meridionalis	000c9056-ebd7-5dbe-b0c0-3522fae7f526
insititia	000c98e7-1589-5eb7-b125-e0ca6221f065
innovatus	000c9fa7-1439-5789-92e3-8bd54f69676e
microsperma	000cb031-5bf3-5847-9a68-f8233b9b9bcc
adglabra	000cb0f2-7b8c-51af-8f88-086bc4bf5d45
komarovii	000cbf04-b857-574c-8b56-a2c803e2a39a
nigritarsis	000cc082-b977-5936-83ad-22ee3b7e9665
femoratus	000cc192-1439-5770-b21d-fc60e35576eb
filata	000ccd51-901e-559c-bb9b-4d8a553108be
melanurella	000cd1ec-4f43-5c0a-a89a-d791586abb0e
ithaburense	000cd322-2942-5c9c-965e-b45d7a430fcb
patillus	000cd9f0-9cba-5036-ae65-f738f0b3a4bd
pubens	000cdc2f-a981-5f24-b8ca-949bcfe7cb20
rosea	000ce34c-3078-5174-a99f-2d13b0ed88a9
menthae	000cf172-0e22-5fee-a84d-5d40a2f4b2c3
platyphyllum	000cf458-9fcd-50a0-abcc-1a6008117eed
echingol	000d0150-8fb3-5548-84af-83cbc5e5dc00
intermedia	000d01b4-b003-56a7-919e-405332f02520
micrantha	000d0719-d7a8-5de4-884f-a57244715960
subita	000d091d-c065-5541-ab38-838a53e0a5f5
marginata	000d1447-c663-51f0-a3da-9f26b010c2ef
flavocincta	000d2569-c3b8-5649-8b53-efbf398e4aa4
isidiigera	000d2e9d-7222-55bf-a029-6ab8893ae899
scaberrima	000d3617-04ff-593a-a598-28ed7f77db30
chillagoensis	000d3883-51b7-50a3-97aa-04e27465361c
stygiella	000d3a0f-c7f9-5cd1-8f8c-d628efe9e02a
crebra	000d3fa9-c2f5-5956-96b9-513ff3188d82
freudei	000d4061-47ec-5754-9b5e-7d0c82c44b25
natans	000d4518-e244-5524-a94f-bbba5f0e49a9
glabrescens	000d45c0-b8a8-5325-b6fe-9d0103faa7db
densum	000d4787-cec7-5b4c-ad48-9689af76014c
samoensis	000d485c-9593-5698-bda6-95fd8bc3fd29
tsuboi	000d4d8e-6892-5e39-b517-b4d692d58d66
papillata	000d56a3-c196-5272-b7ef-aa98732772b5
cornuta	000d58d7-fe70-5be5-9fac-3d87c07d9600
interrupta	000d70c8-3514-5a81-a664-cc07ea4b909b
enrichment	000d714b-b80a-53e0-80f1-eddfb38529b3
culture	000d714b-b80a-53e0-80f1-eddfb38529b3
clone	000d714b-b80a-53e0-80f1-eddfb38529b3
unranked	000d859b-d8cd-5967-a58c-a35653e7500d
ampla	000d859b-d8cd-5967-a58c-a35653e7500d
pseudolutosus	000d8824-aee2-58f4-a933-046c8e0afb96
apud	000d9176-d1d1-542d-b907-82a115fa8682
obelisca	000d9206-7573-5b51-b4ec-5b183738ae63
opaca	000d955f-fa8f-5449-aac5-cea7b4755ab8
ochroleucus	000d96cc-1dc7-5cc1-96de-2069c012440a
serpentarius	000d9ee2-9a77-5edf-9a9f-b923c1d230cd
cf	000da12e-c540-5b9e-8bad-0364bd4bb14e
albofuscescens	000da2d9-8bc6-59ab-8e7f-ba46fb02eaa6
semiadnatum	000da488-2103-5e90-ac54-806c26a1b42b
erecta	000daecf-2dbc-5a2d-9514-92c97bf2a3f7
s√©r	000db1dc-5410-5e5c-a1e5-f2fbf6c26a26
fulva	000db1e7-ae5f-5776-b08d-05e8e7e14ab0
intramarginale	000dbc80-9a3c-5e84-8c95-176299b3c663
americanus	000dbef4-b1bc-5d84-9f98-d2a12c791c85
alexius	000dbf25-9e18-5a36-9443-8b707a1d6372
vogulica	000dc120-eb04-56e5-bd17-5143c3e9bff1
scribnerianum	000dc527-ddc4-5805-9f76-1f8de6e50456
spiralis	000dc56e-b451-5b7d-81fa-2e021b9a8ba5
graminea	000dc8eb-7e3e-59ad-932e-76743e208385
argutum	000dd092-9b63-5d2e-ad10-9d166e2f989c
galbana	000ddda3-8cf1-522c-b1bd-90a62ae2f37b
amethystinum	000de005-4b5e-5f13-89dd-7e7588b9eff3
fagorum	000de2ff-ea92-5854-b032-401553025dc2
novaehiberniae	000de6bc-8dbd-542a-8d7a-dfc26b35a1c6
petila	000de806-9309-5f12-9cce-11dfba9b1aed
littoralis	000debb1-d031-5a46-8956-29e3deb72133
truncorum	000e066c-992e-5637-9e93-92ca4514927f
regulatum	000e0848-bcf1-5fea-a45e-fe53727ce428
semiserratum	000e1612-1144-5a38-8800-b9c1fca01990
neavei	000e1c1e-22d2-5285-8e14-030453537e0c
darevskii	000e44c4-0485-5c80-882f-d6476b600f0f
cubensis	000e4a2c-0faf-5017-8fbf-23ff2e95e5e4
sieboldii	000e4d41-e8ce-5da9-b381-972e5b25e12f
euryanthus	000e4dfe-8a79-5301-8f4b-5db6fb926c8a
spruceana	000e5b9a-531d-58f1-b214-37544aab8c63
andicola	000e624c-2f7e-5e0b-88b1-09380e83d29d
illinoensis	000e67a3-bf07-5fc9-8dca-80c317b2ece8
armata	000e6f36-8274-59ea-bc71-1428f9780e85
artvina	000e7821-7573-5602-ad36-8b6678a7baf1
unicolor	000e7a22-8125-534c-a409-9f1ebb88ee38
meridionalis	000e7bfd-497a-5597-9b00-13a3f9940cbe
rubens	000e8e34-a457-5aab-8d3b-2ac205cbb47c
accius	000e92c1-c926-59f2-9661-510595af5d91
helukus	000e9375-3664-592f-891e-3bf64cb0e8cb
minutissimus	000e9a70-4008-502a-8778-a63644b2975f
ined	000ea28a-507e-506c-a69b-46735de8c75b
quarrei	000ea6fa-fe71-53e0-917e-ebc457cbd07a
yatungensis	000ea939-34eb-5e7c-9498-193015989bfb
alphonsii	000eab64-242b-52ad-99b4-a8df2ed670e7
enterica	000eab73-453b-58be-8b76-66c4958745e3
serovar	000eab73-453b-58be-8b76-66c4958745e3
str	000eab73-453b-58be-8b76-66c4958745e3
scrupulosus	000ead25-6e8e-5ef1-86a4-1b5cb70df06f
orthocarpa	000eb520-3f7f-5c02-bb9c-cc95b1a00ede
puberula	000eb859-12bc-55f6-bcb6-2511cb2a9bb7
nordsiecki	000eb988-0dac-57fe-b9c7-9b7852ba12ce
minor	000ebd14-393f-50d0-b29c-017df53fcf2b
yunnanensis	000ec0e1-c6a8-55b0-8903-65697bb3dda7
edwardsiana	000ec23d-a93c-5c3e-9769-826cc8dae1f2
pagiensis	000ec4c6-5342-5b23-8988-283d4e6d78df
arrhenatheri	000eda34-420c-5a54-8e12-f5dcac4532f2
longearistata	000edc70-bfdf-548c-b607-4ff3b513f7a6
prostrata	000eee92-724f-5529-8a19-f0fd799072fb
acutatum	000ef479-7d9b-51f9-92ac-dfae9e7846f3
amazonica	000eff6f-fd0f-5de9-b10b-a69624601322
bipinnata	000f0a5a-5c3e-5c35-aec9-5bba79496774
schenklingi	000f0a90-e275-555d-829e-876782cd2f6a
ancius	000f0eb3-b1cf-506f-9089-d3f94c570d62
grandifolia	000f0fee-b58c-5e80-8f8d-0880ccb13d20
str	000f12d6-0acb-511d-8275-46dfcd1a0c7b
buphthalmoides	000f182f-8b2b-52ca-b16e-927fba32aa0b
majus	000f1a7a-e312-58a1-8fd4-1e73c093779b
lalita	000f1b3c-1b0b-5737-a8e0-678f7b9a3a13
hernandifolia	000f1bb2-c686-51c4-a88e-5cf4f7ed0f95
equorum	000f1d01-1a2f-516e-8ba7-bdc651fdebb2
vernonioides	000f1da3-a123-5b5c-80a8-c019d7a7107a
wrightii	000f2896-898a-5c80-b085-b89c68a12cdf
hirsutior	000f2b71-1eb3-556e-ac02-be274d928cab
spathulatus	000f335e-97a8-52bd-a5cd-27fae2ad8293
quitensis	000f34ba-aef8-5111-8614-ec616ad3d72c
aphantus	000f34f8-18e7-5c41-ace0-c0c2c7cc6e64
cynapifolium	000f39be-b9e5-5a8c-b726-de1d1d4d6dce
limoniifolia	000f3a4b-8978-5aca-a9c5-d830e9dd6238
angustiloba	000f436c-5bb3-59c7-b9fd-33f09d37d77f
bungii	000f4612-e31f-5681-a2a3-2d556cd21523
pauciflorra	000f5119-f4d8-587c-a42f-1bbbe5d7efd6
gracillima	000f5401-d38e-560a-917f-dcd09c45a751
chihuahuae	000f564d-e259-59e8-92b2-737a94d7f45e
superbus	000f5d43-dffe-51ab-a7ae-1f9167f84246
corrig	000f5f21-2245-53c1-aaf3-3434f7514948
inserta	000f6325-0b87-5f37-a6c4-97b3a19c86be
trivialis	000f704f-b892-523a-8d08-8ca29473e9f0
muralis	000f746e-b2a9-5586-8046-9737c2dd021e
tenuissimum	000f74c5-4bfd-5df4-86e9-03cb2d884873
khasiana	000f773a-a043-5396-948e-14be8578eaf3
nuttallianum	000f7e85-d028-5e38-9c9f-eba6611cd592
complex	000f8611-aef0-565a-86f6-fd21a97b6271
callistemon	000f87a5-7af8-5544-889e-b207221a3d0a
chimaco	000f8884-e78a-51be-9a78-36e899e4cdee
minor	000f91c4-c905-5ca1-a423-c8d61bfcec17
strobiliformis	000f91f7-7c59-5a27-8b93-e5684ef04724
alternata	000f9233-e419-5ed8-ba2b-8402cfa0efff
albimaris	000f9559-4e1f-57b7-ae4f-e1366f67f3f5
mixtum	000f99f3-7d43-5a5a-8005-840b8cadaf83
south	000faf4f-e928-54ad-9c3c-eef3a797d5b8
chrysoblephara	000fb148-4d0a-5f2b-8a06-ac89130a5e4c
fernandeziana	000fb5da-f897-511b-a0fd-c66bca9b625d
punense	000fb934-9d56-5ee1-b93f-c9a8c0e9f43a
diehlii	000fba9f-348c-5f8e-bec7-7e2047766ded
rufopetiolatus	000fbba8-bfca-5d50-b09d-b48437c81d75
mexicanus	000fbc82-268d-5aa0-9d69-4c013146e589
panamensis	000fc02f-13f9-50ef-a132-b50d647debc0
bistortarum	000fc2ee-4b9f-5842-bd74-ec51ecaf1b31
rubella	000fc599-e6f1-5c60-9035-930c5700b080
nigroscutellaris	000fc76b-fc8d-548c-a739-bba82efb785b
cottoni	000fce71-9147-52e8-b5d9-d9fad925a969
joloana	000fd162-bbab-5fd9-aa34-50ec320c214d
apetzoides	000fd26b-ed64-5b10-b29f-4646f5e83074
sodalis	000fd4b9-49ec-53cf-88a6-3a39cb73f5cb
brachyathera	000fdc09-3acc-53bf-9ff6-4475353ed7b4
atra	000fe4a3-7c51-5f48-8010-fcb659276ae6
peruana	000fe9cb-3047-536e-9f49-6cc0e5077cd2
coerulescens	000fefa0-05f2-5266-896d-e784fa559d65
crystallina	000ff556-3f12-5afa-945f-52fdf6f5e225
umbelliferum	000ffbf7-87c6-5ee7-99d1-553ec48093d2
leptostachya	000ffd31-1095-556b-a62c-b20ab7d19df1
pretiosa	001004e4-9dc5-5e44-a144-ee71ea9d954d
argentinense	00100cbe-a029-5a87-b35d-c7c54d241852
szowitii	00100f09-316b-526b-9824-b7fc56a7d7a5
umbellifera	001010a2-72a8-5a8d-a899-70acc91e2a3c
lecerfi	001019a5-b95d-5539-a177-86d8ebd8a096
euadenium	00101b74-3729-5b9a-a212-e2b5b0c9cb87
travancoricum	0010225c-7a95-5d79-b81f-1513c823251c
maculata	001029ee-5e59-5c44-ae50-8003aaca1524
imm	00103388-59b8-59ca-8a04-d171ef9016d7
diffusa	0010345d-cc1b-5e66-b5ed-9ebe9aced332
carpophila	0010351e-648e-51b7-8362-ef1ab1465aea
angularis	00103869-e59d-5a5b-b50a-b66726ad7601
rufonuchalis	00103c94-beba-58a6-bc0a-e2446dced66a
brunneola	00103d20-1416-51bf-bfa5-396d50c282c1
mutabilis	00103f13-71ab-5ddf-a34e-43407da2e8f8
rubida	0010423a-31f3-5562-b30d-fb204990254d
filiformis	0010423a-ae06-514a-9dcb-014704f85176
subbaeticus	00104494-b9b3-51eb-9eb6-60da2cf9dccb
rosea	00104651-f8b2-585e-ad80-d5d6161d4096
cossoniana	00104978-d330-597d-8995-93ba14975dc8
leibergii	00104ada-f871-5505-a16e-c0a052fbb9c8
swinhonis	00104faa-36c0-5c83-ba4b-6342bcbb7f8b
pachyphylla	00105b08-b1b0-5cd0-89bb-36cd49335a00
ionanthus	00105d7d-0fb1-5fde-ab64-de7aa3f0f6f0
discrepans	00106469-c2e3-5959-a5d3-d0ab7cd3346a
latecinctus	001068fd-c88f-5c4c-ac10-916901fbd6fe
tomentella	00106cf0-dd61-5eb6-96e0-2cda30bb4002
johnstonii	00106f32-94d2-5808-94ec-a896d2d386d6
amphistrophus	00107f85-5a39-5f10-9917-9637d8f280e1
fibrillosus	001081fa-0867-5926-b07a-7d315ac63f8f
minensis	00108c56-9abb-5d4c-b684-15fd811d2fdd
hanedai	00108fde-65cf-51c7-a6fb-4ccebc557cd2
obliviosa	001099ba-f4ed-540c-9713-2d71379747f8
obovatifolia	0010a36b-63e1-5479-a0c9-5a6e0667b024
plicatum	0010a5e8-9a61-591c-aad9-221092f19f1f
strain	0010a7a6-af1d-55b2-a449-e23714640bbe
brunnea	0010a89e-4fd8-5e17-8295-41f5f4d0a0c8
flemingi	0010aaeb-b562-53e8-80c4-c60f50bb9d3e
eschfaelleri	0010b12e-26e3-5fcc-89fe-a0b887b5839d
firmum	0010b266-07cd-5b3a-bdb5-3569a15763e2
somalica	0010c05b-2459-576d-a516-6b7b29156b91
galvagnii	0010c37d-3b8d-5a22-8c50-0affbda59ea0
scabrata	0010d118-8def-5ce3-9a4a-6a2706f4d646
ignicomus	0010d359-e870-511a-8b17-1df0d011187b
nanella	0010d378-9e16-5bae-88ad-6476ec40f819
rubiginea	0010d60d-0501-58ff-b091-c7992e2b87a3
neglecta	0010d751-a5e2-543a-a40c-476c331fe1ea
dissectifolia	0010dd94-86f0-550b-be4e-87d94d3a1915
sinuatoloba	0010de24-ee7b-5952-8e52-f335e6c6802a
minor	0010e0f4-6658-5865-bef9-8e05cd363afe
deuvei	0010e435-c63f-5304-a895-69b86b4258ea
multinervis	0010fa83-e753-595b-a9ce-450e4f4a326c
gracilis	00111c06-57e3-5d1d-8242-a89a280d9a0a
unranked	00111c83-05b8-5449-9a62-cc62d060a755
alopecuroides	00112119-4d6d-504d-93ab-d795ad60fbfd
decussata	0011213e-2dba-5cd3-bfd2-533f2b6c6013
palumbina	001121c5-3602-584e-b154-61ce4a97955d
macounii	0011291c-3df1-5472-935b-561f8fc0cc6d
in	00112f48-0277-5cca-ada0-8dbb7c16d483
nayaritensis	0011352d-7a52-5302-b5fc-645db632ef43
aguaraquiya	00113632-c71c-53f3-a246-2b4e7570d398
agrestis	00113a29-0c05-5067-827d-f1811c6410bf
micans	00113c9d-f69e-56a1-a8d0-55a62854c8b0
pumilum	001141a0-e0b6-5956-ab77-cf41173232f0
virens	0011443d-6dcb-596b-aa32-1a6b8b1300aa
genuina	00114919-7933-5701-9d86-ef6a5952617e
gracilicosta	001151e5-9550-5bb0-b495-d6215cb665d4
bigelovii	001154a2-c2df-5a56-9d44-2035b5b308a5
terrestris	00115d37-afe3-5b90-bb29-a45c87cbfa2f
major	00115fee-3cd3-54b1-9b59-8ef544d71c7a
chyulu	001166fb-35fa-5eab-9ad0-cd45a454b3c0
piraticus	00116a21-a8b5-582a-9e61-7765c8be32b6
glauca	001172ac-9e3b-558f-b2cb-79c023b654c4
haemorrhoidalis	00117ab1-ffd6-5711-8a52-b6b92b521433
boreoorientalis	00117f35-64f1-5c8e-8dcf-d1c0f69cda86
batesi	00117fa6-6597-5374-89e9-b9a9d8fc44f2
primaria	00118436-6010-5ab1-bcfa-939746c4a792
terebrosa	0011854d-7ad1-5aa5-8272-da32f33fa87a
angustata	00118f63-5a7e-5842-82f4-8e0496f21233
filis	00119f0b-a946-5d13-8227-4e1f925c9819
pennantii	0011a016-90cd-5492-9582-7bf9286d9949
pseudoarmeriastrum	0011a3f1-8be1-5236-836a-63e22984e9a7
cynodontis	0011a917-ce1f-5e27-835b-45b91622394d
alterna	0011aa40-8a9f-55d8-9cea-f7d9a949a2a1
hiltoni	0011b44e-8db4-5df2-aecc-cbf650cceb0e
darvasicum	0011ca49-a23c-57e7-b0ad-550394796780
brehmi	0011cbe5-83ec-5b70-a55d-66fdc80c1cae
stipitata	0011cda7-cd84-5643-94f5-97ae60536ac5
obliterella	0011ce34-4847-5146-9e5d-3955fe3f1a3a
subterranea	0011deb4-303b-5f24-8e3e-9fa3e7b23e3c
maritima	0011eb62-029f-573e-8195-5bf4eb242446
nolaniforme	0011ee14-af15-59e9-9b3f-86404a25c1e6
thomsonii	0011f3e5-7742-5caf-863c-339266e7af9b
serrata	0011f756-6df9-52aa-8593-27267c46a849
vitiensis	0011fd57-e35a-50db-809f-b55c40736c8f
linearis	001201c5-cb0c-5f9b-98a0-8eb9e2f711a5
muchei	00120684-9330-5648-8b37-0c247a982678
gracilentum	0012068b-344a-5d18-94a3-1fefbb02f9ab
tosaensis	001206da-1a36-52ce-966b-38417abe6e71
spatiosus	001217d4-1330-5bd2-a405-8a14be8acf60
plumosa	00121b24-f927-5268-98a7-ea82291891b4
conjuncta	00122203-83d5-5295-b138-e22d4bc0de5c
curtus	00122205-95d1-574d-a680-9a02448e962d
kosswigi	001224e9-b3cc-5eeb-9a51-8c12b19b2cf1
beutenmuelleri	00122c75-f9c1-58eb-894e-d620314ad685
genotype	001233bb-e132-566e-94eb-c5b995b0de6a
baicalensis	001234ca-e025-5585-8298-624a52b4ad7d
tenuifolia	00123d1b-9851-5227-863e-adf3d6fadea9
hexangulata	00123de7-505e-55b4-b5dd-0dc854ccd2a6
iserana	001242b0-b61c-5db0-b00b-b2bfccc2a9ab
bracteata	00124747-192e-58fe-a114-55068995ca57
meadii	00124d17-02cf-5f4c-96b1-255813662f7c
simondii	001250a4-0da3-51a7-aa5b-80a13001e4b7
asturica	00125136-6677-5896-8ffa-0f722b75825d
algeriensis	001258b5-0a38-5e6b-bd86-657d51b80d35
stenocarpa	001266b7-62a8-5f94-a2c0-48b22b365876
latreillii	001268bd-208e-593f-b8f0-80a4731ae8ac
remyi	00126e42-f072-59e0-8935-e1ecbf00c7f5
timorensis	00126fa3-193d-5c6e-a5fa-7dcf4226390d
breviscapa	001277ab-6f74-5640-85de-ca473a1dbf2b
admiranda	00128435-2e98-5dfc-8f30-5a8e8eb68d1c
pallida	00128c78-de52-5c94-b9da-6fa69a510a13
dumetorum	00128ebf-3421-52b8-9d1e-5c5b21e59899
subcristata	001297fc-f49f-5656-b4a5-46ff8cf57245
sondaicus	00129bd7-8fab-5087-a17e-959c60e2008b
niger	0012a721-bde9-5eb2-a8b2-a9c4960b47fb
davisi	0012a8c6-79da-5f46-a09b-d5c8610f98af
melampus	0012ac4f-bb20-51b6-9077-80256059d691
rufinus	0012ac4f-bb20-51b6-9077-80256059d691
caucasicum	0012ae76-873a-5042-8f67-53b766a33812
pseudohirsuta	0012b609-769e-5ed7-9bc5-65aab56fcb13
tuckeri	0012b794-2102-5813-a49e-2882001462da
sinuata	0012bc24-55e8-547d-ae51-2c4aeba6f6b7
typica	0012c285-cbd5-5321-b115-0f9746e60927
americana	0012c732-d511-517c-9abe-e0490dfdfbe8
montevidensis	0012c88e-e66a-5c9b-84d7-006d11310ed5
fuscipes	0012c921-ed8f-510e-9507-c954f596fa2d
genuinum	0012cb02-1eb1-5295-af46-4c56fc754df9
mucronata	0012cf57-ddb6-55c8-9caa-9165432e6e78
kelsallii	0012d248-ff5b-567c-9e87-9c834ed212fd
congoanus	0012de16-5c5c-5088-b45f-afb431949a85
vacillans	0012e081-4a68-5d5f-9e0e-a6835e9727b6
humifusa	0012e115-5ee2-5552-80f9-3c6dcffa1a7a
glabrum	0012e893-8938-5068-9fdb-0c806ee65d07
sample	0012f260-4295-53a3-a3b8-8e0c98ba8d4d
storkii	0012f369-0eb6-551a-876a-7bcfb8df362f
dentata	0012f399-3f59-58b1-8f51-4cfad0a22dbb
antarctica	00130471-ea48-5dce-a4ce-ab6563ed7b67
intermedia	00130561-55c3-52ba-ba81-30fd5fa59229
raziana	00130816-0180-5835-a8cd-e14f94617e45
acuminatum	00130a35-27bc-5fe7-b2d6-374b837fe2ba
nevadensis	00130dc3-5f39-5089-a6e7-f14ec07dce1b
brachycarpa	001310a1-c08a-588b-967c-b8073d73a118
pyrenaeorum	00131797-ab4f-5b70-b9fc-0391fbd5f917
loquax	00131b4b-cc15-55ad-99ea-c4bc8e2606bc
phlei	00131c6e-9223-5462-9dd3-d6d824934a95
rectilineata	00131ea8-c759-52c1-b218-e3f539a997b7
foliacea	0013236d-4e79-5c90-8f6b-153573c83814
pallidogriseus	00132667-04c3-5284-b039-cec915eed330
issleri	00133755-effc-5ef7-aafe-6a1c1c00f1f9
aurilimbus	0013384b-4c02-5bad-a2cc-6296accd0748
nivea	00133b7e-55d3-5d55-8dfb-a1bf4c4995bf
chinensis	00133bb4-6019-58dd-9c5f-e8cadbff4987
henonis	00133ce7-f4aa-5ded-b3cb-f1fbb465cba7
peduncularis	0013411e-cf39-5232-a1bf-bf986064222c
obscura	00134371-de1d-5509-93fa-a6e664aea1f3
proceriforme	00134510-a979-5661-be7e-0fbc455cd85e
shandsii	00134598-86d6-5477-9a65-51cdbeab57a1
vividus	00134799-ee1c-5929-b683-a9a4bff26e97
sonorae	00134ce8-b18c-5d07-94fb-552dc6790851
obsoletior	00135080-c4dd-55e0-a617-7180a061c9b8
centifoliae	001354ff-9f4a-53d1-bf1f-17510f2e4299
campestre	001356d9-9cca-56b9-b987-02a0babb2630
longiacuta	00135808-9755-5193-ae0d-a0bb6bc9684c
schweinfurthianus	00135fe0-5259-562b-8def-6765e3774bd2
interrupta	00136da6-3d3c-554d-a1bc-7c4604e0f135
bigelovii	00137354-27a0-5f37-b012-ad442dd587e9
glaucescens	00138463-4a28-5b3b-8769-c69f38e3f805
macroflora	0013999a-1ddc-5599-850d-f420fdfbdebe
chelura	0013ab3d-789d-5a33-9410-b515a9d78b7b
cymigeriformis	0013b42b-2627-50d0-a937-86a5e6ccd204
barbulata	0013bc5c-387c-591c-b837-20a834fb37cf
sentix	0013c4e2-eff7-5954-bbf8-4d144602afbf
amethystina	0013d5de-5dd5-556b-a08f-0b2eb9105787
fulvobrunneus	0013e7c3-6421-516e-965c-98eba993145f
rhodacrum	0013ef28-aabc-551c-8b78-6c49aedb354d
duidae	0013f0c8-9523-5243-98fb-44f7761f9db6
virgatum	0013f201-8023-532f-a05d-07762c155ae3
euanedwardsi	0013f6b9-2d14-53ee-b5c9-c6d8cf822847
tenuifolius	001406de-a14f-528f-9635-7274dab90435
robusta	0014075b-b6a1-52bb-bea0-2fc5d2680f0f
gracilis	00140798-b4a2-5983-9c9a-0559b2358f88
obtusifolium	00141429-6f63-52f4-8d8d-9f3a785ee3c8
stenolepis	00141b52-0757-5489-b1d2-6c14b934eb5f
velutinoides	00141c9e-189a-5f9b-bffc-444442950166
achalense	0014218d-8f95-5783-817a-d9d478383785
decedens	0014218e-e6fb-5338-9dfe-72bee5f0a9ec
coursii	001423f9-0482-503c-a467-c86b09443478
sublustris	001426d8-d19c-5888-aee6-ece448af3b1b
of	00142b5f-2bde-5796-b225-5fe2a5259fc0
dominans	00142dad-ce64-5350-9e07-fb70239f609a
indivisa	001437b0-9400-5409-bc3f-6ad6d07aee4f
geniculatus	001439b0-14fb-5d31-b2d4-33acb35cbb24
typica	00144162-42f7-5c80-90ce-2224f08d4bd0
ying-xiangii	00144af7-9292-5d79-971a-39ed5bbebd72
grossegranulatus	00144e8b-ff1e-5c82-a9eb-5b7323c2f518
notabilis	00145690-2be3-5f00-ab4f-4773146f4c87
lindblomii	00145f73-4a45-5f86-b587-e55dce8b9c92
conferta	00145fc6-a437-5fe6-bf18-77d1a65a8f67
aurulenta	00146182-43cc-5611-92f4-d3f6291ca9d0
montana	0014628a-d1b6-54cf-9bbb-2b8ac5d162de
cespitosus	00146904-baed-51fc-97ed-94a76521381f
mannensis	00146be2-b5bc-5e25-93d4-93fe5d77bf1d
apoiensis	00147491-5cc2-5cbc-92ab-933a028f2203
rhomboidea	00147b0e-6538-593a-a620-77349583729c
villosa	00147b8a-84d6-5b3b-b0c3-35de0734d930
artus	001481ed-526a-591b-a8c6-be407fc4e287
nigricollis	0014833a-f55b-58f6-83fa-3b1fbce2e341
pilosa	00148a2f-9a5f-5aa3-9d90-48d03daf76d4
simonsi	001493b8-7a31-509f-bb1b-09c309305033
niger	00149932-ecd3-559b-8523-1424eb78bcc2
glutinosa	00149a81-8d13-52a5-b542-246fe34c5331
pulchella	0014a285-a8be-53cd-9af9-bf1117d1c24e
fasciata	0014a4c5-9b4f-508f-ae44-98e76ba6d5e5
accrescens	0014aa52-533e-5fec-948a-017d1f6f20f7
mediterraneum	0014b2a4-4239-5db4-bca3-0386dbf05fb8
lineare	0014b970-1ff1-5e8f-833b-4c49c570c319
macrospora	0014cb9a-2d80-5f31-95ff-ebd71921942c
eriocarpus	0014cbb4-e9cc-59c6-8132-552cbd1e8aed
temprans	0014d43a-99c3-5bf9-9679-b19466e8574f
globosum	0014d8de-c810-5b4d-96b6-6f182de9ffaf
hellenicum	0014de4c-9015-5a6a-94fc-e001ef5cab31
perplexans	0014dff0-9470-5bef-97fa-9340226c50a6
cinerascens	0014f2bf-bc34-5095-88f7-476be93ffa65
filifolius	0014f658-a05a-56c1-b1cd-f8828d0dc67e
nebulosus	001508c2-22bf-5f5e-8126-1da20e88e2cc
bequaertii	0015097b-c3c3-571f-be45-11dfcfc9019d
divergens	00150c99-ca80-56b0-a4a4-899b92e40684
neglecta	00150fca-79bd-540a-a8ce-95c68d3126fb
suavis	0015121d-851d-5898-b914-f90a265e4f6d
segregata	00151230-2faf-52df-a845-bf3a943b5783
tenuipes	00151302-faf1-5f3a-a7e5-a70990676742
typica	00151832-f2cb-5297-b079-8eed95b0e711
bellidifolia	00152416-d760-524a-b17b-3d580b65cbae
kojimai	00152d74-0ecc-53ed-955e-824ec6177170
hirsuta	001534f8-2c7d-5863-baff-c24855993910
tuberculata	0015353e-a09a-5749-9711-1ab9be7d874a
alcetas	00153794-6039-56ad-bddf-e412ed0cf623
grandis	00154238-4480-59c2-a30c-5440f5e0d98d
macrostachyus	00154966-5730-5d49-9aaa-55dd2409a2c0
thakau	00154e77-9cd8-5ef8-a2fe-4a609f60ac22
brunnea	00154eed-1552-5111-b730-e4e1cb70d5ee
microphylla	00155998-3617-5215-9813-981e08fc8de8
pendulosa	00155bad-ca7c-58a8-8570-2aba8c2a9df7
opimus	00155ca5-2780-571e-8a36-8acb54277884
apicalis	00156361-e735-597e-aa39-2ae81685ace3
fugongense	001563ba-e9a7-55a4-8f50-237b857cb718
fruticulosa	00156a48-e1c4-50d5-9db8-c7d71dfb8cd5
armoricanus	00156de5-f37d-5144-b650-d84ecf2f7eec
brittonii	00157512-1181-58ae-ae3f-adf3df3c512e
formosus	00157b01-5a24-5eaa-b51b-818b36c259fa
purpureum	00157d37-8213-5c96-9974-b81d86c47aeb
pseudoregularis	001581af-2055-5fdb-9e00-f2a8fa6a18d4
eriensis	00158ae9-9d6f-51f1-b519-120fdc9e7c61
anomala	00158ff9-ccde-5ab3-a0ec-c8c3582b7fe9
hostii	001590c7-21f8-58bd-a3bb-354549adf65c
subumbellata	001593f3-54cb-5d79-a898-e30611ea257a
martinii	00159a96-11c3-589e-a8a0-edbf2bbe41b8
sulphureomaculatum	00159af6-066e-5197-9b06-9a78dcdc20d0
pseudosenilis	00159c5b-b5cb-56d8-a255-246743421c56
lanceolatus	0015a3d0-c52a-5408-83a2-5f08fc0b0abf
striatum	0015a59d-c97f-5cee-a70d-bb9e941a7376
grandis	0015a700-5026-5917-a99f-98237fc961f6
kathiawarensis	0015a814-3386-5343-816c-1c88cc58b921
fertilis	0015a845-08f4-5f5c-8e19-34ac5aa8f441
pruni-domesticae	0015a9eb-eb08-5b60-b89f-f5bd4cf798ec
petsamoensis	0015b84c-1283-5c19-b022-27cfbfb3f426
rufomaculata	0015bd29-96b5-5ffb-abdf-dfa52bc772d5
plicatus	0015be43-9016-599b-b373-2ba6cc211107
tepicense	0015c164-8198-5925-a5c5-c208afb3bae4
alnicola	0015c27f-a581-534b-9623-86d5f3965b2c
pachypoda	0015c4c8-b24e-5215-8b44-9848a58cb767
pusillus	0015cc64-02d8-5291-8471-d5a568b4d6e4
microspermum	0015da86-0b97-56ec-93c3-add83b675ea5
convexifolius	0015e65c-032f-5ff2-a2ef-af937f598acf
brachysepala	0015ea35-0bd9-53a7-975d-1a2af3b208f2
koelmaniorum	0015eca2-f625-5dd4-adf0-cf383fa6b50c
ninguida	0015f0ac-2995-52e0-9f7a-f634ac55b638
kanarensis	0015ffe8-67e7-53b0-a837-e6458ab13542
pinnatifida	00160409-7902-592a-9bb1-55faa1605141
rubra	00160f42-a6e9-544b-a9ce-43af3187c3a0
reptans	0016116b-3f7b-5a2e-a0be-389d6b52de96
graminifolia	0016123b-4c47-5518-8cc7-425bf9c34843
ostenii	0016163d-7142-551e-bb70-d538902e911e
glabrata	00161955-7ab8-55c1-9baa-8caa76489233
sambuci	00161a85-7f25-5daa-a79c-3c1065311a9e
chlamydosporale	00161d4b-0f96-5f0b-884f-ac65d6e71057
angustipennis	00162404-ded4-585c-a5bc-691516424c87
flavescens	00162fb1-1d46-5d2d-800d-6e9413b620b6
guttatum	00163296-f492-5371-97f3-fe529124db66
lentus	001638e2-7722-59a8-b2ce-9f568ae54e0e
secunda	0016392a-3c5d-5442-897c-1f6805881e2b
microphylla	00163be5-1fa1-5221-9a67-0d12657ed5d9
australe	00163dc1-ca52-5824-90f8-8f899791a344
seriatus	001643fc-a9ce-5dd6-956b-f399ba14a96d
brevirostris	001648a8-bcce-5778-8aa5-ed286ed05b38
microbracteata	00164c8d-6df6-59ba-9d28-ae6de099a3d5
affine	00165347-b0fc-565b-8f0a-9924255cf325
in	00165347-b0fc-565b-8f0a-9924255cf325
albiflorum	00165422-d15c-5297-8bfa-aa963dab7b70
parviflorum	00165934-3548-57ba-b1fe-2b0fe2fe035f
kuro	00165adf-b4bb-5452-ab6d-ccf1a8c18b8b
eucyclus	00165b8b-250f-5a99-9db9-24f05e472f56
azorense	00165c4c-0206-546f-9e87-0aa436df31bb
stricta	00165dfe-8cb4-527f-92f3-e356af823299
fuscoviolaceus	001663d2-a088-5e07-86c2-6b8ea80c71b6
ochraceoalbidus	001668cb-40bd-57b9-9dbb-0515f8fcb68e
rutilans	0016782f-84c8-5d14-b56b-936b342b6b4e
styrica	00167a66-a8f1-5630-962a-e9f89e1068ca
viridiflorum	00167ce6-722c-5d29-b883-199e8582a13a
cf	00167f22-fa42-564c-b0e2-d4dee2ef5204
similatum	00168602-671b-5f10-a90a-d8af6d89e82a
nemorale	001696de-6959-500b-a45e-6b3000c34252
debilis	0016a946-afba-5b40-a32c-3a79b2ca4cde
sichotensis	0016abc9-5eac-5d27-9af8-2b2c49d5100d
acutiflorum	0016adfc-94cb-5057-b5b2-0e67dc2a35a9
leprosa	0016b0d7-670b-526f-a708-0fc7f8bdb3b9
crassifemoratus	0016b2e4-19d9-545e-9668-f85524df2101
transkeica	0016b3a4-ae3b-549b-9b56-0dee00f87cbc
inversus	0016b3f6-9a57-50e4-86a6-b1428bf819bd
vesicarius	0016ca2f-d840-5685-8bc4-c83325179f1b
latifolia	0016cbbb-a2c7-5da5-914c-89a8749271ad
barcelensis	0016d66d-606d-56dc-a846-a108341b33d5
nubilus	0016e1a4-6a79-5794-a5d0-d2f26c07ef5f
apoda	0016e1ea-4a22-5ccc-902d-572a1ed6a2df
majus	0016e5b2-6f8f-501c-881e-ede1b04669af
zeylanica	0016e80a-73d3-585b-a5c1-3c13c16bde93
calva	0016ec25-ca15-5a5e-bdcc-8ded37b13551
lobulata	0016f240-c3d4-58f6-aaf6-00c59de2ef3a
nitidicollis	0016f43c-6b5d-5b34-8465-1b3f0d8cd0f5
typica	0016f945-1b41-5fe7-a0c9-22b488473760
gallica	0017025c-bc71-58c8-a175-fdee63a297d3
coriacea	0017025c-bc71-58c8-a175-fdee63a297d3
calaminaria	001706d7-a7b0-5ca1-be96-7317c4983da4
intermedius	00170917-5a48-5991-b16d-c2daecd58e15
robustior	0017093a-31de-51ce-859c-8341c3bb960b
japonica	0017094d-b4a7-5448-92bf-9a2dd4ada31b
xylostromatoides	00170aa8-710d-5323-a045-ed8e7b5f9f12
octodurensis	00170b3d-b94d-59b6-bab1-fc4cb71ac0ef
dirumpens	001710ec-5cb4-54d8-8d24-20da864575e2
siberica	00171289-c257-53d8-9513-ca09e2597811
distinctus	001715a8-c04c-5534-b33f-16ed2466a591
petiolata	001719e2-dcaf-569b-aefa-6ff040092c9d
rockiana	00171f2c-fa68-5f5c-993e-560075bc0aed
oblongus	00172863-4239-5260-a3e3-1d458d6a053d
rufa	001730bc-915a-51d1-9b50-e39fbf8b2c61
luteopubescens	0017332d-f1de-5101-95f9-637a3700f6ed
tridecemaristatum	0017394c-fd47-5f52-a412-fe5735184919
montanus	00173c2e-3627-591f-a27e-435d271b045d
pubescens	001742d6-10fd-5979-9190-cdec9022b88a
radiatum	00174468-8005-58bf-aba2-9bc92e66cbee
gymnocladi	001747b6-280e-50fc-944b-c6ed4e49d160
aduncus	0017562a-fc0b-5eca-bfb9-cd1cced02fb6
lindleyi	00175d32-b22a-5500-b124-1aedbe2da128
lucana	00175d3a-fbf9-5669-badb-5cc08a926126
plitvicensis	0017651d-c0e5-5565-95f1-99ce0ebf570c
gracilius	001766cd-c9f1-54d2-8d3d-0940aa23b757
spinosa	0017677d-eb50-564e-82bf-4fbb43725c8f
elgeyosus	00176bcd-472a-53dc-a854-bbfc13ef7114
watsonii	00176c44-6fec-5abe-af10-01edc8b104b9
acutifolius	00177a3e-f16c-5ff8-bd8f-313f8325a3d0
gigantea	00177a89-9e8d-5cd0-8cfa-b591fa2d9d29
alisteri	00177c7c-92c0-5a1e-88a4-3842e5ae5510
baccara	0017849b-1e30-51c1-82a7-87c56f67ed11
sordidum	001784e9-7d89-5730-a3cb-2823aa21dac8
capillacea	00178618-89ed-5a18-be55-7e3183705a0d
iwatekensis	00178889-64da-5f54-b81c-c60094952246
adstringens	001788f3-861e-5619-b8ed-49bcffe5bf9d
basifusca	00179bab-3d30-5418-b8cf-a11de3156dc3
maritimus	00179de6-721c-523e-95e7-0b6ea43cfc30
intermedia	0017a01b-7bb3-5bb9-b05a-88fb0658169c
interjectus	0017a297-dc45-5994-9e3e-296006114aec
duchartrei	0017a712-f84a-590f-84a4-126207bd3958
fendleri	0017a768-ba7b-5260-a651-ef3681dd9ae2
fl	0017a954-6909-5404-9814-7dc340e0185a
swamyii	0017b31b-eea4-5409-ab29-3862ccd5d655
enrichment	0017b624-d8e2-522f-b8ef-d197fc183b8e
culture	0017b624-d8e2-522f-b8ef-d197fc183b8e
clone	0017b624-d8e2-522f-b8ef-d197fc183b8e
calaesaladae	0017b6ae-4473-5105-97a0-76627f49713e
colliculosa	0017b9fc-b4ec-53cc-9f5e-e82b7f2759fd
nicaraguae	0017bc22-1d92-556e-b151-4a30e21c7bd0
archboldiana	0017c2fa-03a2-52ed-b742-c19e305a217d
thurneri	0017c4e9-a859-5355-ac54-c82c60aa5cdb
plantaginea	0017c73b-f683-5a8c-a830-935d4642633c
bridgesii	0017cb9c-cf0c-5265-b4a1-eed3791d7465
osgoodi	0017e468-204f-5a37-96fa-5530911a51b0
mafalu	0017e772-4992-5ca6-bc61-8db7d9497b16
pygmaea	0017eeeb-eb3e-5310-ab5d-5ac606ec0931
novae-zeelandiae	0017efdb-838c-5e2c-a341-917dd4938ac2
brotherusii	0017f0d9-003e-56c5-81db-c672409e7df4
viscidus	0017f94e-d57d-50a2-ab91-6f2e74385acc
of	001802d5-0e26-5053-a0de-73f2a225926b
fibrous	001802d5-0e26-5053-a0de-73f2a225926b
tissue	001802d5-0e26-5053-a0de-73f2a225926b
tragacantha	00180875-bf4a-5700-b536-777a243025e6
atropurpureus	0018111c-b962-5ea0-bf19-016485d0f5b0
tenuiflora	00181d96-e62d-5830-a05a-358db88802e0
schatzmayri	00181fd2-b9a4-5752-8d02-81b2305cac7c
echinulata	0018201e-6a75-55b5-a347-805077ab6d45
omeiensis	00182355-90aa-518f-a857-b675234f93f4
ovatifolius	0018245e-7e99-5ffd-9b68-ed59184a280f
archboldii	0018275f-8d05-5121-9b11-fb50f23a8c9c
leucurus	001827ba-a938-50c5-bb30-aba6047f3ce7
asiatica	001827e1-1d18-5e31-bf1d-307dc1d08b7b
submoniliformis	00182905-eae1-5d4b-9f5c-cc07aeaca6f6
pygmaea	00182908-0fd1-50a2-9622-da3d199c7430
stewartianum	00182e23-d7f1-5205-9951-545a4f72373d
schmidii	00182e23-d7f1-5205-9951-545a4f72373d
attika	00182f23-d994-5b55-8262-e66b12d07ceb
pachona	001839a9-a19b-51f8-bce7-3a46655904f9
kotlinensis	00183aa8-c565-50ed-95d2-9148f5b3828f
summa	00183fcd-a6b8-5d8a-b742-f433c12edaeb
arachnoideus	00184091-31cb-5e5a-959d-9bc1999e2197
hydrogramma	0018443c-55aa-5500-9f79-97e973e0b72d
revolvens	001844fc-c475-54c6-bf83-aa3a78489e7c
dacica	00184bc5-566e-50f5-98bc-d97ca1917f82
laxa	00184f19-f26b-51f7-a027-c927af91be04
vulgata	0018555d-9b10-5c4a-8521-fc535d0dac96
tuberculata	00185595-c02a-5bba-8439-648a07412f9e
bifrons	00185aa8-bfb1-5439-ac98-b5170d928525
latifolia	00185d7b-bdec-5954-bcbd-d0911e284ad4
strain	00186596-1f1f-5f94-b5a8-9b092a11e109
dabbeni	001865f0-f9e6-56f1-8e39-90e44aac58ed
norvegicus	001866dc-67f6-50cd-aac0-cd562de74946
tandilensis	00186f76-e945-58d6-8022-6a1a9268be43
maraenoides	00187003-9e4d-5a68-b0cb-3db5a3330d0e
duplex	00187003-9e4d-5a68-b0cb-3db5a3330d0e
dolosella	0018756f-2627-578e-bbc5-7ca31d01de2d
intermedius	001886e9-fcd7-50d3-9c89-51f225dbfc4a
schimperi	00188d9d-0849-5833-920e-a31402c3406e
ignigularis	00189284-2549-552d-957d-84e2bc74a069
ruber	00189e01-b5dc-566d-9577-7fcb9ebc390b
rosea	00189f42-c75a-5129-a143-06fe5fa654d4
fulvipilosum	0018a1fa-c8b4-5fc8-8513-3a0fa773d9b8
pachycarpus	0018a879-ace6-5139-90d1-df67fee91564
zenaida	0018a91f-a183-5f77-8331-3f9d86cca889
megasperma	0018b082-f91c-5b35-bdb8-4dfcc3c98d19
vibrio	0018b26f-d22b-5ca4-912f-808bba7e8f66
sangira	0018b4ea-2fe4-5fc4-b8e4-1e89139a0038
parviflora	0018b926-f7d6-5ab1-95ce-c42e79ee44ed
microtinus	0018c34b-afaa-5e8d-9b42-35ba21393751
amieuensis	0018c982-427f-5db7-a686-2c0fcb6b984c
ferruginea	0018cbdf-3682-51d0-bb3b-962e0426beaa
kamtschatica	0018d3cc-9e10-5cea-ab99-f60f4854c1ad
rigescens	0018d40f-9faa-5355-98bd-f2c4e6e990df
aralensis	0018d5fa-cefb-5f1c-bff3-49cee44bc2c4
oblongum	0018e02a-38e6-553d-a978-aff9121300ca
atropunctatum	0018e2c4-1dec-5df3-a023-746bacbf4bcd
zeylanicus	0018e2c5-274f-5699-ab07-0a1e3bc013a2
ambigua	0018e627-291e-5a52-997a-6fc8d4705097
grandis	0018e7a6-1050-5913-ab4c-3589a32bd01f
glycinea	0018ee4d-5a22-5ba5-8c70-e09da70b31ae
thracica	0018f032-b78b-5d79-826b-c217f247f714
horrida	0018f26c-ceab-5cfb-ad21-0a5f317acd1d
arecibensis	0018f8ba-c3e1-515a-ac00-e0857f340c2a
caffrorum	0018fdd7-6737-5e1a-9ec7-6603d69ae6b4
yaanensis	0018fec7-43c5-5367-a155-4a88cd28c9c5
de	001906f2-522e-5c70-a581-02c92e092685
gerakuniae	001911f3-1656-57dd-ae7d-6a53c45f5f35
cerea	001913cc-e6ba-5b2c-a727-98c1613e7e5c
avakubensis	001917cc-84f3-51a7-8868-a51cd936459d
trifasciata	00191b34-4fe7-57c6-af71-b3d44b4b8382
furfuracea	00192b3a-f6a4-5a29-a315-70b472aa556c
radicans	00192fca-47aa-5715-942d-ac49615c4307
aridus	0019336e-a5ae-5633-a385-1ebd1c579519
patagonica	00193469-a77b-5b2a-90df-bc3df930843f
conjugatus	00193782-6de8-5da4-acfc-46e55bb3a3ed
fabricii	00193c5b-ab80-5ca5-bcab-0c8bdbfbe4fc
scrobiculare	0019408c-66a5-52c1-9abf-42368af0fea0
glandulosa	001943c6-cc3b-5ad9-9d13-85f37fc19a63
apodocephala	00194a0a-f51c-5717-b5ac-c08543be380b
rectifrons	00195050-1644-55c9-a8da-2c1640ea8b8c
assamensis	00195d2e-fe02-5b1d-b4a0-bfa38dba4cb9
freyi	00196678-dd7f-52ec-89f8-c7237865f7ee
euparadoxus	001970da-b1a3-5c31-8139-907f801d4a54
terrestris	00197163-07ce-5af7-b9fd-4468b62cb52d
malayana	00197dda-cb77-53e3-8976-7157d1fbd99b
turocensis	00197ded-af66-5a2d-9adb-1f4971c8417e
ctutackeneis	00198018-ae03-5859-9247-f4f7ab2bf7d9
oroensis	00198050-ceb8-5d8a-982a-35cdee1de179
sandpiper	00198171-8e0f-53b7-ae98-39c1a5ba2666
griseoviridis	0019846a-f934-56f4-ad1b-ae95f3582a59
bryanii	0019982f-be7e-5ae1-8091-236d80bc967c
sercquense	00199b41-3c28-533e-a5e5-6b2165065030
duplicatodentata	0019a5ff-af2b-5429-a6b0-375c3f61ae34
biseta	0019a70b-ccf8-53f6-a04b-08e90b5f4fbb
bathmidosporum	0019a872-16e1-5aec-ac00-31ba91cfea47
asterophylla	0019b904-6083-5b46-aafc-859fea63bf94
epilosa	0019ba45-5d2e-5121-8715-a411a59ae704
eugenia	0019c3b8-ee4e-594f-a27a-6fc8e61c3fba
arezzensis	0019c482-797a-5c92-8837-b11f228d0331
palliditecta	0019c899-eed3-5f15-9a9a-8d945cbd214f
sindiana	0019c8c0-8cd8-5018-8e99-66bf523e7024
wagneri	0019cae4-1dae-55d8-8fe3-ef5f8627eec7
microphyllum	0019cd45-1e74-54e3-b1c0-ca94b8b69b25
septemcarinata	0019d8d3-c537-5ec8-a5e7-9f88558c0c99
insulanus	0019dc89-db6e-5322-8e6b-3390d60b1762
benadirensis	0019dffe-9729-5cd2-b2d0-386dbf527faf
porsildii	0019e3d0-48e6-5f73-8818-323b32f924cd
occidentalis	0019eaa0-7773-563f-a39a-0ed234f1df76
solitaria	0019f983-b2e5-5627-b964-29312c7d5546
depilis	0019fa67-44f5-557b-bdda-9b08e26d57c4
roeseri	001a1392-5106-5b97-8c96-256f3bcf654c
brevior	001a1f4b-3de5-58f8-8882-991a20b495b7
villosa	001a24a0-7e35-53c1-8fb9-3e4031ca0c0a
vil	001a24a0-7e35-53c1-8fb9-3e4031ca0c0a
karachiensis	001a2ea8-008f-5a1c-91b3-80b78f4a561b
gracilis	001a3049-a27b-5b25-ab99-af50af28ba73
proteana	001a337e-26ab-5d7d-897b-212bb2fce6b9
nordica	001a4071-753a-51ff-aed8-ee043e7f58af
corniger	001a4637-9cd6-5570-8ad5-7de65cd38e4a
ry	001a49d9-f853-5bb3-a5e9-ea4d0cb79d49
mellarosa	001a4c57-5ecc-5f78-91b4-54442763ffb4
villosa	001a52ec-2168-5567-b762-6000c238d1bf
leptothecum	001a5417-db5c-5353-b45d-f2b19b8c457b
fulvicornis	001a5b9c-c61f-5ab0-9e60-6493ae8b56f4
stigmosa	001a5d08-d7ba-5465-b5a3-a605d71dd257
ovalifolia	001a5d95-6229-58cf-b5a0-1d814131eb60
similis	001a6595-fbde-53bb-9e32-6cdaa110a168
angustifolia	001a6f7c-8074-52a2-950c-8690062dab8c
poblana	001a6fc4-eb21-53c0-9927-dfd181c381f9
cinereus	001a732d-852d-5766-a2b7-19bf4c9ef90d
gibbosa	001a7a00-480a-5300-bd22-0c2c991d5e50
montenigrinus	001a86a6-48e3-58d5-9df3-98f49b23d3b3
laciniata	001a8d15-ea57-596a-a6d2-7d13fd64be6e
denudatus	001a9098-7d04-5a36-bbe2-7b16923d8684
echinosperma	001a918a-9d67-5986-9c55-bcce5f346aff
arabica	001a976a-13ab-5413-b5b3-adecb63c4a14
ottoniana	001a97e1-f5a0-5a66-b128-c98edcd3dd4a
demetiensis	001a9ba9-cb82-5c36-9adc-ad1e4e524b87
auripila	001a9c51-d9b8-5653-838e-00e56656c5f0
truncata	001a9dc2-d243-597d-9486-82f9d35954e6
ab	001aa575-8db0-5d27-9e20-ec949372b800
acutiserratum	001aa797-9f4d-5721-9556-a81373764458
crinigera	001abc15-8394-59cf-bb4c-7e2322e9dba6
dentata	001abc46-4037-53f5-8398-000c3610b70f
megacarpa	001abebf-a59e-56b8-a7e0-6d4afcafe46f
vestitus	001ac678-5f5f-5188-90c8-38f2fff004d6
hypanica	001aca61-e99f-58f2-a6ad-08e97f280bdf
basicola	001acaf0-5864-5bdd-a8b6-44e605acfd8c
holosericeus	001ad17f-31c6-512e-8c84-f89a92d3b90a
