170	1798650	11823504-1801-5be3-b0d6-af928212476e			
170	1798650	7e2f2389-1861-5dc6-af35-612822e79bd1			
12	36507198	003c8434-41c5-599c-b8cb-52e2b1c66289	en		
3	79794	003c8434-41c5-599c-b8cb-52e2b1c66289	English		
170	1796366	11ade278-f7d5-5755-a627-2fc513d9f5a1			
11	1884465	ead8975e-35f1-5cca-92da-31edba2b13ac	nl		
2	419292	558385fa-3d5f-5e75-9369-2e42fd28dc93	en		
170	1889785	d1330251-908f-5c4b-adb5-07f1d62ea991			
170	1889785	f7a20f3c-e450-52b9-be2f-386e5edf29e0			
170	1889785	30b2783b-0dfb-5889-9cdb-331aa65cd902			
170	1889785	3cf4750b-23e5-5059-a155-83d4bce73708			
12	35671122	3cf4750b-23e5-5059-a155-83d4bce73708	en		
4	394701	3cf4750b-23e5-5059-a155-83d4bce73708			
147	2892	36afdc4d-25a7-506e-9179-1242b6fa1929	EN		2892
147	2892	28d5431c-6cf2-58d4-a962-55d49d052875	EN		2892
147	2892	a3d8e3ad-cba9-53b7-b7ce-23e844d37737	FR		2892
147	2892	83cf7fcf-f6d6-5ac0-ac1f-1a9ac2dc2f58	EN		2892
11	4053886	3ae389ab-f183-52e9-885f-8e077d01d6b3	en		
170	1806413	d81a417f-c4f5-5a27-9b5e-f0090d75f17a			
11	1920723	9d0651ea-7b28-5ea6-8365-94f0018cec87	en		
11	29	1fd21fcb-73ed-59af-9682-2f1df387459e	ko		
11	29	c1d81e58-3cfa-59ba-8a41-d7659781b094	ca		
11	29	7f5da920-c67d-5fbc-a4b9-63c8345553f9	zh		
147	4814	564da3c5-f38a-506b-bf8f-1a461c2adc37	EN		4814
147	4814	5e9d674e-de61-5ab0-b359-3a96371b7f11	EN		4814
147	4814	e28aa511-fc99-5bb6-a6a9-7f7fe97c7b23	EN		4814
3	39550	106d021f-327d-5b9e-a899-cefd9fb4af07	English		
170	58379	fcdf2267-c214-548f-8b58-05633c5648d2			
11	5421350	542f50e4-69d6-50d0-a55e-91899ee58c37			
11	5421350	3bc62395-5c89-55b8-bdd4-23b5a655b81b	tl		
11	5421350	b586a5a4-4fa4-5381-881b-c10e66fbacf2	id		
11	5421350	ff32ef53-60c0-5033-a8d3-b2b092ac866f	en		
11	5421350	8801c330-43c8-523e-b97e-ef23f15aa881	ru		
6	8819s	a4594602-3c09-58cf-9dfc-965d0066763d	de		
6	8819s	0c0b227a-bfab-5fb9-bc60-a1aafb0695c1	en		
6	8819s	d7719f2f-e43d-5cc1-bbc1-67d267869d87	es		
3	506413	7c9ee592-10b0-5021-8d94-f8859aa25363	English		
12	35569148	243ca5f9-b44a-5654-b025-55241aa8725e			
12	40704430	1c90126a-6b2a-5d02-bed6-0adce6d896d0			
11	5282556	1c90126a-6b2a-5d02-bed6-0adce6d896d0		usa	
4	8570	9954473f-fc33-5ea1-8c10-5fdede8f0231			
2	99194	adf6a6b9-1072-5a38-81c5-cd11cc4baf66	tr		
2	99194	0456359c-6989-5bc4-9a4f-2a386374ea03	hr		
2	99194	d33d189b-6ca9-5fd3-be02-b3d9a7f74ed0	jv		
2	99194	71df0ca5-7d96-516c-ba3c-01d0e8826282	ro		
2	99194	b6b6bf48-7d9c-5966-87e2-aeaab1202475	zh		
2	99194	d009e1a2-a640-5f52-9976-42b3346daaba	vi		
2	99194	744914b5-ee2c-5d4a-a67f-24377a70f8e2	cy		
2	99194	5996292c-a40b-5a05-80c8-ee22aed02fbc	sl		
2	99194	e881d320-2f62-5be5-bf62-509335adb254	ka		
2	99194	d736190a-769d-584b-95b7-86d611e15f76	lt		
2	99194	ccd542b5-090b-5344-a9e8-4aee562ecece	ja		
2	99194	fd4a6c7d-9b40-5cee-b37b-3c56dbdfb40f	id		
2	99194	0fe97f1c-dec0-5f87-9578-cff3dc0214ee	da		
2	99194	4fb3e5fb-8a70-586c-8d6f-158cce373f12	nn		
2	99194	4116a0a3-87e6-5f3c-a5a4-a8b2917870c0	nl		
2	99194	af48b951-c3d0-57bf-9ef9-064eed2c6e8a	es		
2	99194	bc36ce97-d66e-5d9a-b295-e9c27b47c287	ko		
2	99194	dd11aff8-55f2-5ae9-9dbe-bb0f9cea08f1	ee		
2	99194	b15021a7-f87a-59a9-b8cb-eec189daa142	sk		
2	99194	1bbccabc-a785-524d-be1e-244dce593217	nah		
2	99194	ba4bc007-aa25-5771-8810-13402d6c2d35	ak		
2	99194	43fc5686-7d8c-5499-9862-8a82c5696923	no		
2	99194	769f5644-d9e5-57b3-9af2-6b38012f00ad	ar		
2	99194	91a32fae-bdce-545f-8b09-2d30a9c29da2	sv		
2	99194	0f3a6458-ec10-59d1-8561-7ce65fb9fc58	pt		
2	99194	166a1a0c-d027-5ba1-b17a-63c62b74f41b	pl		
2	99194	a08a77b9-cf0f-5642-96b3-d27f41124061	hy		
2	99194	f03e3e04-5606-5140-9472-c1d49692e19e	fr		
2	99194	f24a9973-7ab4-5856-a10d-fbe1808a5663	haw		
2	99194	1f96c61a-6e88-542b-9002-162b7390a810	ru		
2	99194	cf5020a6-c296-56ee-a49b-39ca73096142	en		
2	99194	3613e2c8-9e51-5d9d-9944-8eae648fe251	el		
2	99194	609ccd1b-3ff4-50f3-a9c1-48984bf5a0c7	it		
2	99194	e961fc62-131c-5788-b9e7-ede0f6fd523a	eo		
2	99194	bf43da0a-6777-5075-96ab-1106365361db	hu		
2	99194	51383e88-4951-5ea8-b75a-def8564d2cb4	de		
2	99194	33991c88-8f90-5493-89ac-7d483601fb0b	lv		
2	99194	14d9e45a-0529-545b-b64f-b5b4df3766ff	la		
2	99194	6e5caa0d-5dc1-5039-9174-14b7c12122de	frr		
2	99194	6a8d4e4f-95a4-57b9-85ba-56f293b10c1b	cs		
2	99194	ce78b7f1-b239-5529-82e0-3317ef9dd414	ca		
2	99194	991fc10a-3f06-504e-b879-fad9ed7cf0fe	fi		
2	99194	ee81eb6d-d371-5fda-b64d-43dde9243d4d	he		
163	10606	7eb3b228-266f-5cde-bb9f-1c6b5e8dff36	eng		
12	36376721	7eb3b228-266f-5cde-bb9f-1c6b5e8dff36	en		
11	2437535	00a489dd-c239-579f-826c-8dba4c9c8a39	en		
11	2437535	9802e748-878a-5953-aeac-113bd0958b84	sr		
11	2437535	7eb3b228-266f-5cde-bb9f-1c6b5e8dff36	en		
3	632500	7eb3b228-266f-5cde-bb9f-1c6b5e8dff36	English		
11	5332286	d4266354-0bfb-5be2-ba1a-b7197b36652a	zh		
11	1722914	9ee13b12-ebc0-5ded-b189-a8bad0a2a110	en		
170	1771580	d953d4fc-6a0d-5ec3-931e-622a7625f837			
12	36716793	d953d4fc-6a0d-5ec3-931e-622a7625f837	en		
3	553417	d953d4fc-6a0d-5ec3-931e-622a7625f837	English		
153	310189	09e55cd2-8159-5f83-b679-ca3007f8c2a8	310189		
11	2115283	09e55cd2-8159-5f83-b679-ca3007f8c2a8	zh		
12	38981200	12679115-53d6-5078-abda-490fa23907d3			
11	1687	ce40b6d5-08ad-55da-9db6-fb044947ed59	de		
11	1687	869f8ca0-1242-5a40-aceb-f0b4953cccc9	lv		
11	1687	3cd0eece-0820-5a79-9566-007ab3897b0b	fi		
11	1687	fb28c1f7-6c3c-536a-af73-aa4b186bb660	no		
11	1687	ec8cf07a-2395-5e7d-ace3-88e8602702d4	et		
11	1687	d6166787-05ae-5d53-a4d9-b2757de44344	cs		
11	1687	6d9553c4-0980-53c4-bfa3-053ed4c44f93	ru		
11	1687	07ea22f7-358e-55fb-9d16-25f94eb648ed	ca		
11	1687	6b22a992-49ff-585f-8868-084e311559e2	pl		
11	1687	961be386-c632-57ab-bdcf-01c4373202af	sv		
4	33375	12679115-53d6-5078-abda-490fa23907d3			
175	10296	0bf26f74-7d7c-51b0-b149-8cde7ad35c6d	en		
175	10296	92dfc299-4845-500f-9602-f010bb4f9d95	en		
175	10296	63eddc68-93af-5a21-a29d-dc246a0050f5	en		
163	148446	92dfc299-4845-500f-9602-f010bb4f9d95	eng		
163	148446	63eddc68-93af-5a21-a29d-dc246a0050f5	eng		
163	148446	5243b87c-823e-5e12-9a72-6ad99713b751	fre		
11	2492971	92dfc299-4845-500f-9602-f010bb4f9d95	en		
11	2492971	53e87890-8e72-5d21-8099-bff4531b3f6f	eo		
11	2492971	90aab695-3b1b-5af4-972b-65a2ccc807bf	sv		
11	2492971	09a379ce-6050-5418-8c42-cac0b0c7123f	fi		
11	2492971	7f1edc5c-1a98-573e-bb6b-1d982745326c	en		
11	2492971	0bf26f74-7d7c-51b0-b149-8cde7ad35c6d	fr		
3	559949	63eddc68-93af-5a21-a29d-dc246a0050f5	English		
175	10576	e99b8032-de1d-5a2b-98c5-82c8c8517669	en		
163	151042	e99b8032-de1d-5a2b-98c5-82c8c8517669	eng		
12	36371253	79d5fa16-3cfb-5b18-98a8-34f46ec8ae37	en		
11	7340803	3ed57fc4-ac4f-5c7f-80c3-dfdc9a1871f5	en		
12	36435363	467e5ec4-bc2e-540c-84d9-8429b8e9fe40			
11	3023944	467e5ec4-bc2e-540c-84d9-8429b8e9fe40	en		
11	3023944	a595f9b1-66d7-58d9-8610-39f28ea85fce	fr		
11	3023944	b6888e60-1595-5b06-a0da-08ce1dbd61f5	en		
153	338588	33bd2468-a4cb-541d-842a-041681b0cb41	338588		
11	1622063	33bd2468-a4cb-541d-842a-041681b0cb41	zh		
153	203780	7db3150e-6425-5187-b401-35a7dfe2418c	203780		
11	6135913	7db3150e-6425-5187-b401-35a7dfe2418c	zh		
170	1880527	4a19332e-eeca-5a5a-ab76-67b28a2e2eb0			
11	4966342	f199e4db-a6de-5117-be30-9625f4c3709f	cs		
11	4966342	ea496a71-cfa6-50e4-9569-b6cfe24d6cf1	zh		
170	2712482	96463ce5-862e-5d74-a404-b9961ccac9be			
170	2712482	d476d594-a5e2-55ed-adf0-c4f7bbd9e81d			
1	11472132	d476d594-a5e2-55ed-adf0-c4f7bbd9e81d	Russian	Russia	RU
1	11472132	96463ce5-862e-5d74-a404-b9961ccac9be	Russian	Russia	RU
170	1104502	cb252e30-fde9-5088-aa82-4a986b2e95bb			
142	31468	fa392b3c-16cb-528b-aadb-105e3ea94220	en		
138	12383	cb252e30-fde9-5088-aa82-4a986b2e95bb	en		
147	206	84ee9a3b-648d-541e-bdf6-9715d20f9513	FR		206
11	5230524	56c4720f-b737-5ba5-99c1-e00052fc4e52	en		
11	5230524	cb880354-9daa-5057-a888-6dcd32f1f52f	sv		
11	5230524	405f959a-a524-5318-9a65-392e22e7f929	pt		
3	711477	1b3ee0f4-547e-5ab4-ac13-f4852880ccaf	English		
11	3606057	359c30a2-3a8b-5976-b4df-20f434709f9c	zh		
12	40327683	e63be590-1d8e-59cd-bcb1-f86ef4953bac			
12	40327683	cb7e25ae-e3b2-548d-ba93-97a2158990f1			
12	40327683	8e0f89ae-6332-5f95-8c94-74dcd049f758			
12	40327683	3c23dd0c-3b4e-52e2-8e03-ee84f7462af2			
12	40327683	b099dc61-4faa-5898-afd9-32bd673cea4c	en		
12	40327683	c761b858-6a61-5376-b89a-ade107b98048			
12	40327683	17704f4a-713c-5a69-a9b8-bee864662f76	de		
12	40327683	dca8724f-9ead-5637-aa5a-842e1cfbf8a1			
12	40327683	ce674b61-c0f5-5422-8c8e-31d274857569			
12	40327683	ff11ff59-0807-5aa8-b4c6-c32ba3055667			
12	34339250	fe725fd4-048d-5d46-8684-60f269538469	fi		
12	34339250	ba586580-9137-5f81-b17b-afc56f2c1d85	en		
11	2342650	3c23dd0c-3b4e-52e2-8e03-ee84f7462af2		french guiana	
11	2342650	8e0f89ae-6332-5f95-8c94-74dcd049f758		french guiana	
11	2342650	b099dc61-4faa-5898-afd9-32bd673cea4c	en	usa	
11	2342650	8d356710-98ea-5e33-a74b-b7629739622e	de		
11	2342650	cb7e25ae-e3b2-548d-ba93-97a2158990f1		french guiana	
11	2342650	dca8724f-9ead-5637-aa5a-842e1cfbf8a1		french guiana	
11	2342650	ba586580-9137-5f81-b17b-afc56f2c1d85	en	usa	
11	2342650	e63be590-1d8e-59cd-bcb1-f86ef4953bac		china	
11	2342650	ff11ff59-0807-5aa8-b4c6-c32ba3055667		french guiana	
11	2342650	ce674b61-c0f5-5422-8c8e-31d274857569		french guiana	
11	2342650	fe725fd4-048d-5d46-8684-60f269538469	fi	finland	
11	2342650	c761b858-6a61-5376-b89a-ade107b98048		china	
11	2342650	17704f4a-713c-5a69-a9b8-bee864662f76	de	germany	
12	44582501	19670f83-78ba-5844-8a5f-2b4cc54e04a8			
12	34524987	f7ea524b-9b42-5a08-baf8-e5e838f172f2			
12	44563314	6ab3a77a-303b-532f-90b4-dff6bfca44aa			
12	34600489	2fd3c19c-e178-54fe-ad50-eeda57ea0113			
170	2064929	3e09c29a-b3ff-5d35-8c86-fc7f643d9e1e			
4	46779	eb503bd4-03b7-55e9-aa47-f54e15341b12			
11	6178148	d56a68ac-507a-5965-9e56-786b26c419fb	en		
12	35672451	3002df50-d804-52e6-8021-57c540c7ca7e			
163	4531	413082c3-c154-5d9f-92c2-47058fcea3df	eng		
12	40348999	4284f6c0-a321-5b67-9233-f4cef6e442e5			
12	40348999	fd8610c8-5627-5dbf-b321-5da024d89759	en		
12	40348999	c3041193-fc3a-5d07-ad02-da570131e783	de		
12	40348999	54e09365-08d5-5a61-82c1-2ac419a37ed0			
12	34360180	93dc304b-e39e-5447-ac1e-d0d70f10ac4c	fi		
12	34360180	e3994c03-f6f5-5cd9-b603-65a5afdfb478	da		
12	34360180	4ca2bd32-d6cf-5633-94cc-a6e437c0d468	es		
11	2347671	93dc304b-e39e-5447-ac1e-d0d70f10ac4c	fi	finland	
11	2347671	83c6853f-867f-550a-bdf6-2d528ace0851	de	germany	
11	2347671	413082c3-c154-5d9f-92c2-47058fcea3df	en		
11	2347671	54e09365-08d5-5a61-82c1-2ac419a37ed0		china	
11	2347671	e3994c03-f6f5-5cd9-b603-65a5afdfb478	da	denmark	
11	2347671	0953690c-5363-5e12-b555-e6d60cde287d	vi		
11	2347671	3b557273-d74d-500d-872f-daed8bfeecbd	en		
11	2347671	5b190b8a-34c3-5c00-893f-c0bd4791ccf5	es	mexico	
11	2347671	fd8610c8-5627-5dbf-b321-5da024d89759	en	usa	
11	2347671	4284f6c0-a321-5b67-9233-f4cef6e442e5		china	
3	646894	4ca2bd32-d6cf-5633-94cc-a6e437c0d468	Spanish		
153	123521	cdf619f5-45b4-5aa4-a19e-6b1198bd2426	123521		
175	9358	bb43feee-1891-5eab-b1aa-48651efbdf94	en		
2	24065	be2606eb-16e4-5d18-a11d-e419649abfdc	en		
2	24065	1075dab0-70f2-5f3f-835b-4fec6871fdad	en		
2	24065	e5e61a9a-26e1-5cb4-8bcd-9e8b0ee75256	cs		
2	24065	c547430c-6916-50f2-b3c6-4ffaf999fd63	cs		
1	13205756	fbcfc940-4053-5a44-9a70-ec742e1e5db5	En		
12	36755424	cb1dfece-166b-5685-9e2e-4af780a337c3	en		
12	36755424	5b36f0fe-f125-5fd3-9142-3d258dace749	en		
12	36755424	4b5aa548-0a45-597f-a7c2-c30d2e5be6ba	en		
3	208666	cb1dfece-166b-5685-9e2e-4af780a337c3	English		
11	5644263	04e64f4c-0b5c-5a75-8f0a-007783d094f2	zh		
4	1215600	1675c409-497a-55bb-a853-1a83a0046c11			
4	1215600	ba6efa00-c5cc-598a-adc6-60adfe2c7f0b			
11	4160417	98c864c2-bbb5-5b79-8627-b712cf300833	zh		
153	313133	031ea493-021c-5706-8414-ff6bf6ee87a6	313133		
153	122639	433052c0-8e74-5eeb-88d7-e0b29901772d	122639		
12	36427187	56d6f17f-4d01-5aa0-aa62-13364e25d44b			
12	44563292	8635f0e9-5d3e-5ee1-bd37-84cc4d6d5ca0			
12	34600490	da7ae05c-ce15-56bd-96f0-9fe2cccb505e			
11	2705588	da7ae05c-ce15-56bd-96f0-9fe2cccb505e			
6	26817s	1d4d1e22-bf5f-550a-bfae-e98a345dff3b	en		
3	41007	da7ae05c-ce15-56bd-96f0-9fe2cccb505e	Common name		
2	210064	ee2e01ca-19b2-5346-88de-e699252decc2	en		
2	210064	7d3b191f-56cf-5eef-8d5c-4a907c0ab036	en		
2	210064	d9e43d69-d230-5e7b-bbe1-3d470968da20	en		
2	210064	dbc63ea7-19eb-5c58-baec-d5e9f9247525	en		
2	210064	a2c8ad29-f9ea-5a8d-bf73-3cbf4db092f7	en		
12	36772154	2de561e0-b6cb-5756-acf4-8c4b4d8b701c	en		
11	5802790	e434051c-6212-5ade-9dc1-62608fdfbd0d	en		
11	5802790	470cacd0-9c81-54bd-8f9b-b78f7c02eb88	no		
12	34580886	b5611297-159f-552d-8483-5949d955ab60			
11	5334194	a17e3f51-cc66-5f8f-9c94-d7ab19d9c26e	ru		
11	5334194	3dcde002-5a10-5d65-8d1a-e10b9d5d38c9	de		
11	5334194	dfedc555-ed81-57b2-b016-c84de47514ef	en		
11	5334194	7162da38-d1b2-5218-9201-fdfa31a4cbb1	fr		
11	5334194	4a88474b-a65d-53c2-9247-4110be926862	zh		
11	5334194	cf9d3af1-6795-53bd-ad08-95dc0bef7bd6	zh		
11	5334194	b1714ccb-cb62-56c3-8f17-b46ace3aab13	de		
11	5334194	b5611297-159f-552d-8483-5949d955ab60	en		
11	5334194	0837a6ab-4033-52c6-b9a4-fb9790a73aef	ja		
11	5334194	6f4bfa61-0afe-5bd5-ae54-408632bd9430	az		
11	5334194	7e8aba5e-1dbc-5299-9500-750a0f0afe60	da		
11	5334194	81763b33-354e-5d9a-acc1-5ad17731dba2			
6	23058s	a533a7b7-e7d7-5a79-a39a-dd11c4e0c616	en		
6	23058s	75d25ce4-61cc-5203-b5b7-d2b7b89bd14b	en		
6	23058s	0c81ce05-5a52-51f1-9bbc-58c3d9d2d07d	ko-Latn		
6	23058s	dfedc555-ed81-57b2-b016-c84de47514ef	en		
3	18976	b5611297-159f-552d-8483-5949d955ab60	English		
170	1893788	87b331da-0fa3-5f62-ae02-9caa59adc371			
11	2226639	08469dc3-640c-5a4d-971b-0e851ca5ce82			
11	2226639	7a3225b5-4e61-5feb-87ba-c6cd0e549608	nn		
11	2226639	08e8e66a-ec81-53b5-8c00-51407d69ce92	ja		
11	2226639	20974083-2fce-5302-8921-e987503de0c6	ru		
11	2226639	1b85cecd-1213-5039-89e6-5f83457a525c	ko		
11	2226639	dcaf0702-68cb-50ca-8080-9f28bd3b2b77	pl		
11	1313954	d1038702-b0c3-59ea-936e-9f0cb0da6fd3	de		
11	1313954	d678a721-49b0-5e3b-ab73-11227886544c	ru		
157	6633	2700b1c6-7b85-505e-8431-4ceb14ac59b1	nl		6633
12	44544801	566d7673-8404-50e8-8996-cfb950a721f0			
11	3025697	cf4ddb54-b42e-532e-8ac5-d2ce0d80fa17	fr		
170	10043706	fcdf2267-c214-548f-8b58-05633c5648d2			
1	561245	fcdf2267-c214-548f-8b58-05633c5648d2	Russian	Russia	RU
170	2161403	9074076b-eb64-5def-992e-06a5913baf6f			
12	40494935	9074076b-eb64-5def-992e-06a5913baf6f			
11	2978853	fd584894-9486-53a2-9bd5-2850679abe37	es		
11	2978853	0e76af6e-b817-561d-9437-4d2358fdd432	es		
163	149304	13fd4740-e8ba-561e-bc79-7a48ed10f2af	fre		
163	149304	1d7a8070-c4d4-57e1-9396-9f5dffdf086a	eng		
170	1996205	14d86a5e-1b93-5b27-92c0-975781b0e112			
170	1996205	82a3a9b3-1ac0-5208-b769-b1a81464e2ea			
170	1996205	4cc971e4-b28f-533c-bb85-885e5ed02c66			
170	1996205	2c42d1fa-0094-57cb-8e4e-5c4b94be0dc8			
12	40346859	7ae61e7b-76e2-596a-8ba3-82aa10f83c56			
12	40346859	4cc971e4-b28f-533c-bb85-885e5ed02c66	cs		
12	40346859	0b11c0a4-afcb-5e1d-be93-77b7779ca379			
12	34358133	14d86a5e-1b93-5b27-92c0-975781b0e112	de		
12	34358133	82a3a9b3-1ac0-5208-b769-b1a81464e2ea	fi		
11	2406435	82a3a9b3-1ac0-5208-b769-b1a81464e2ea	fi	finland	
11	2406435	7ae61e7b-76e2-596a-8ba3-82aa10f83c56		china	
11	2406435	0b11c0a4-afcb-5e1d-be93-77b7779ca379		china	
11	2406435	4cc971e4-b28f-533c-bb85-885e5ed02c66	cs	czech republic	
11	2406435	14d86a5e-1b93-5b27-92c0-975781b0e112	de	germany	
147	7465	e081aef6-6157-5e92-a730-10ed4fc6138d	FR		7465
147	7465	a502d28e-9c45-5b6e-8abd-8b1af21404d2	FR		7465
147	7465	4177f985-2025-5b48-a0b8-7e7b4e697ad2	EN		7465
147	7465	a4e432fa-689a-553f-a66b-6f718f78cdf6	EN		7465
12	34599694	4177f985-2025-5b48-a0b8-7e7b4e697ad2			
11	2703733	a502d28e-9c45-5b6e-8abd-8b1af21404d2	fr		
11	2703733	a4e432fa-689a-553f-a66b-6f718f78cdf6	en		
11	2703733	4177f985-2025-5b48-a0b8-7e7b4e697ad2	en		
11	2703733	e081aef6-6157-5e92-a730-10ed4fc6138d	fr		
6	7813s	4177f985-2025-5b48-a0b8-7e7b4e697ad2	en		
6	7813s	09d5a132-ae87-5859-87e1-164f2b188a96	en		
3	501072	4177f985-2025-5b48-a0b8-7e7b4e697ad2	Common name		
170	2010498	f8216de0-2c2c-549a-9c60-fae1bdeedb76			
12	44544964	d4fd33d1-542f-5b08-b43c-1f0c7e52a496			
170	1080968	1765c62a-7ce2-53f1-8193-e9981d6e4448			
12	35648980	7f55d180-369c-594c-b1fe-f9d0690f1021	en		
4	603445	c167bc45-a55c-5e9f-9bb8-e1095889eaa9			
11	7265370	d9c72dbd-701d-58f1-9ab6-f489c86a1112	en		
170	1085283	6ebc5ade-6e52-511c-9d14-ebfab190d53e			
170	1883500	e6968526-71b8-5356-8033-a85f2528a637			
170	1883500	1b757b64-41e1-59d0-90d3-cc1e8c7737eb			
170	1883500	db586dd4-b471-5877-a845-b726e457cc4a			
170	1883500	769531f7-2e7d-526c-a73d-915bbfe941c5			
170	1883500	ad9bba44-74e0-518e-888e-88e3ac6f11f3			
170	1883500	f57c5003-4040-5e80-823c-20e36806da70			
170	1883500	095bcaa2-acdd-5052-b08e-1bc0bacb379c			
170	1883500	481dea33-0896-5dfe-b878-731e72d5947a			
170	1883500	dd3ffc7a-ec7a-5cf3-9d90-2a812465c782			
170	1883500	5eadb966-2b25-58a4-a2bf-ab4a9cc51a7d			
170	1883500	f69f2a72-86d6-5625-9b09-609db5389558			
170	1883500	dfb259e6-2d63-5791-893d-020b4ae42c7a			
170	1883500	bed9511b-36ff-5124-b2fc-dfd78ff9bc02			
170	1883500	bf17255b-9fbd-54fc-a481-3b9644a12937			
170	1883500	113764ae-db78-5aa0-a60f-1f0c4be20a7f			
170	1883500	a74f212f-6382-5538-8573-12ef30b60d25			
170	1883500	814f642c-7bae-5d7b-b6e9-4d401b8588e9			
170	1883500	131fcc4e-f8a5-50c8-92c6-34a04e505787			
170	1883500	c36ccb56-e978-5082-aadc-d23ea16f4e79			
170	1883500	f605d3b8-f836-58fd-9b82-7f6bea42855f			
170	1883500	9e1ba174-780e-5c25-8dca-75836637a1df			
170	1883500	57eae25f-0ff9-597e-a2b4-1e0a19f49392			
170	1883500	ed7331f7-0193-5f4d-b311-fe63c34351e6			
170	1883500	79d5c18e-5252-5e2f-ade9-dc62cea0f610			
170	1883500	85f730a3-7d12-5f7f-a4ad-4856db41357e			
170	1883500	4be91722-28d2-52c2-940e-7efd53c4de3d			
170	1883500	ed6e4b2c-1eac-5fb6-af26-de84224d2c10			
170	1883500	6128b378-394c-5952-9251-5bf71a46dcd8			
170	1883500	1459b629-7835-5a50-8126-87f530f97d86			
170	1883500	255686f2-b951-56d5-85a4-4bbd148a6b64			
170	1883500	351dbe67-a0e1-5d55-ad64-a0523217cecf			
170	1883500	7fd79952-7388-54c7-ac12-756ae71f0255			
170	1883500	eceb59a6-b915-5a68-ba2e-7140510198f4			
170	1883500	150a03cf-ce41-5838-b095-e03db6e9acd4			
170	1883500	31402d35-68c2-57c9-9602-3914af06f00d			
170	1883500	539236a2-27d1-5828-a987-1d76bc95a6fa			
170	1883500	61873a31-2c3f-5713-8f8d-8b3e30549389			
170	1883500	f94a164a-3505-567f-ab82-68862d977677			
170	1883500	8c66ed8c-0165-5d7f-a91c-5534adfd0ca1			
170	1883500	582a72bd-3fd8-51cf-a56a-6f02cf9ee62d			
170	1883500	b0f5c3e5-3598-58c0-8835-22fa56629b74			
170	1883500	ba23d977-4105-5260-ac4f-c772e6eaef3b			
170	1883500	945aa594-18a7-58d7-828c-8a38f8e4d91f			
170	1883500	58eaf155-bab9-55ca-8077-96c8a9afb66f			
170	1883500	c614d231-4fff-5f6d-b4fd-3121c95e783d			
170	1883500	6bf1fa1a-2e33-57f3-a808-1097aaad4a0f			
170	1883500	f0863bea-e848-5f5e-9caa-3e1b40f74faa			
12	35666052	ec59becc-b426-59e9-aa85-7b3753548695	en		
12	35666052	8c66ed8c-0165-5d7f-a91c-5534adfd0ca1	en		
12	35666052	f57c5003-4040-5e80-823c-20e36806da70	en		
174	16876	d4982c33-cd12-5f50-989e-6628f24fb143	en		
170	2068534	506324a2-76a6-58cc-9dee-f7756d4eb5b6			
12	36784213	506324a2-76a6-58cc-9dee-f7756d4eb5b6	en		
11	2440823	e0a3d7c0-ac61-53c0-b819-fc5fe2357107	bg		
11	2440823	6fb3e8aa-24f7-5c37-a908-ebb3c2f6ad96	ar		
11	2440823	6034a026-7a19-5b3b-9ae5-36bdc3369c29	ro		
11	2440823	138cc6c0-479f-5d46-814c-3ae75ed179bc			
11	2440823	4514f134-e6be-5c17-8632-e048b3a1ce7b	es		
11	2440823	89602e47-dc0f-5cb9-9211-9cc3858f2f78	fi		
11	2440823	85b70b6b-9e80-57e0-9df2-7dd69d398118	de		
11	2440823	ee478988-603f-5168-84bc-8b0d0a40026d	hu		
11	2440823	32a2921c-aedd-5201-8cb7-ab8f74828c4e	lt		
11	2440823	1501f830-d1b1-5e1d-b8b0-22fd36269582	ru		
11	2440823	1a369692-abc7-544e-a770-bf51073a5ee9	tr		
11	2440823	9ceaaa99-377f-5bdd-87ef-b2ee4156eff1	en		
11	2440823	58347916-7d2e-522f-a1af-5801c6ed230b	ml		
11	2440823	cf65c717-4ea1-525f-ba2f-1dd0980a7811	cs		
11	2440823	fa72751b-b3b8-5978-ba45-873683a9c9ac	uk		
11	2440823	663efeff-4b1a-57f9-a2ec-1bfa7054ab60	fa		
11	2440823	0a1e5dbc-c6e5-54a6-8bdb-dcede29b5f27	zh		
11	2440823	fe997660-2bb8-5633-9bf3-c7cbf12c4ac2	en		
11	2440823	50db7f80-87c4-5fa7-aa2a-12c7e2868a49	ca		
11	2440823	f0f94162-8b9b-5410-bc4f-15b533694dd2			
11	2440823	6aec3558-687a-5a4d-a4a1-378cf9485014	pl		
11	2440823	21d943b3-5045-5291-a6f6-2bedf2600a38	sv		
11	2440823	693db793-9ea8-54c2-a46d-003680bc5148	nv		
11	2440823	624cfa19-a21a-5fa8-85af-720f6a15a01c	fr		
11	2440823	efa96d9c-8f4b-5b9b-a26e-5f2882a92a13	br		
11	2440823	ae7b83b0-6ede-59a5-8859-bb5bfe2e36ec	ko		
11	2440823	e33c36e9-338c-5ce0-9086-75ed8fd92fd2	nl		
11	2440823	e69d508d-146f-5bcd-a32a-7ed62baa54ba	no		
11	2440823	73fb5a58-603b-5c7f-94e6-eb00bbc73b60			
3	552427	506324a2-76a6-58cc-9dee-f7756d4eb5b6	English		
12	44521256	35c7d374-7284-533e-8c3c-c6b83395eb38			
12	44580484	73adb7f8-c257-56ad-bb8e-52f8168aa5d9			
12	34473698	8d597ccd-1c9c-551a-ace4-3e1d30eb27c3			
6	18967s	8d597ccd-1c9c-551a-ace4-3e1d30eb27c3	en		
6	18967s	aa4e1610-66f9-5e4f-ac0c-520ea14fb4c4	de		
6	18967s	242a2ca7-9459-5a1c-b097-a26de326b66c	fr		
3	24374	8d597ccd-1c9c-551a-ace4-3e1d30eb27c3	English		
157	17881	e7ccb26b-bbef-58ad-82cb-798b17258d5a	nl		17881
11	5766549	e7ccb26b-bbef-58ad-82cb-798b17258d5a	nl		
12	36425323	2e4ed322-f416-560f-b605-da3c365d3071			
6	409860s	f2f928b5-3949-5de1-b776-99df81ae8dbf	fr		
6	409860s	6bb862c9-62be-5342-b4f3-f7ab05b42cb4	fr		
12	40492437	de4a9991-3b58-5fc7-8e1b-670c0c3be066	ru		
12	40492437	701a0b11-c62c-5d07-aeb6-9470b6afeffe	ru		
12	34494393	9a591882-3de7-5870-8f23-08cc55be31d2			
170	1937301	097f26e3-2a08-54ed-a702-47bddcfbb8ea			
163	20639	7933f6aa-700d-5cc6-bb55-110d03629d6b	fre		
163	20639	097f26e3-2a08-54ed-a702-47bddcfbb8ea	eng		
12	36406054	097f26e3-2a08-54ed-a702-47bddcfbb8ea	en		
12	36406054	0c72b44b-df78-5809-b58e-fe980940b8ec	fr		
11	2440248	8f8fb554-01f6-5613-9c2e-b8ee052c966b	id		
11	2440248	c8bea009-2839-5533-a6ae-8920c5adb7ab	en		
11	2440248	a252e86c-ca6d-5070-ae51-d1a1e447d7fb	en		
11	2440248	82e822de-e17d-592a-88f9-01328544a09b	ca		
11	2440248	7933f6aa-700d-5cc6-bb55-110d03629d6b	fr		
3	552691	097f26e3-2a08-54ed-a702-47bddcfbb8ea	English		
147	8831	f2df0e5d-a00b-5568-b847-cb696dd563ac	FR		8831
147	8831	cbb1e64d-6193-540a-8a8c-46557ac1ee4b	EN		8831
147	8831	ce848524-ca61-59c8-aece-a1784113f7df	FR		8831
147	8831	ba899de2-c483-5e16-9f85-c5cfd67b80f4	EN		8831
153	403206	d88023a2-c1b2-5228-9239-fca120b563be	403206		
1	13202504	bd4e0ac1-66a7-5a28-a44d-0e8f53b83011	En		
11	1920682	191252c7-c851-5468-9fd9-487e6c9b9401	es		
12	39203615	d6dcb7ea-88ac-538b-98f0-02342ad272e8			
4	856707	d6dcb7ea-88ac-538b-98f0-02342ad272e8			
153	311671	aa8a679e-967e-50ea-8af3-20081eb7b981	311671		
11	2703501	9f162d5e-3f86-5ae9-bd63-b71bb2813d36	tg		
11	2703501	6d9ac9a7-7705-501b-bdf2-33f2e3cfea4c	ca		
11	2703501	bf707979-7b6f-5d39-8249-2d73b9b418a8	ja		
11	2703501	18f4a3f4-3393-5ed5-a69e-3537ddeaeb03	az		
11	2703501	327c4ddc-4304-5f73-a7a9-bcd25061ec70	ar		
11	2703501	1bcb1e34-fad4-558e-8ec7-8f785d3b542d	fr		
11	2703501	f8e9b48a-4ec5-5bbc-96af-d4c2479c9800			
11	2703501	0f1138e6-b957-5f6b-b77d-3f15d9da2c00	ru		
11	2703501	30d6dc9c-ab86-5ea9-adba-febcd5145b44	zh		
11	2703501	c4eafe68-abd2-5e80-bd8e-0e04a8a25c64	da		
12	44552249	7e0b6a50-32d5-5fd2-ac1a-f0e15a89f98e			
11	1826022	8094a627-0709-50a2-bdec-6e6f94a3af3d	fi		
11	1826022	e0107f69-d70a-509a-9cf1-97df7995042b	nl		
11	1826022	a82c6c1c-c612-5260-9e6a-410621a19a9f	de		
11	1826022	e683da72-5e2e-5c03-a0a4-550f387cc503	cy		
11	1826022	35e3491c-c0ae-5dda-865f-d24445b765c6	no		
11	1826022	2763eddd-3c5d-5061-bb32-4c6b8b25d7b5	fr		
6	460100s	34ee3fc1-5eed-5c17-9b8e-1f9a3e0a3c76	es	Bolivia	
6	460100s	afaf0476-6bc9-5ec9-b8a9-5e3bc756e006	es	Bolivia	
6	460100s	79480318-8066-5215-8ff6-c42ff4cfbe72	es	Peru	
170	2030111	7b04da4c-e807-519a-a018-fa3d0afd5f5e			
170	2030111	41aa4cf5-324c-52c4-b0bf-a64aca51008c			
170	2030111	a74f212f-6382-5538-8573-12ef30b60d25			
170	2030111	fe020812-91d7-50ef-aa6b-b4effa7fc863			
12	40350207	e50271d9-9c94-5650-9e67-013b41b8aed0			
12	40350207	41aa4cf5-324c-52c4-b0bf-a64aca51008c	fi		
12	40350207	759c847f-caa4-5067-87a5-819ad8c407a2			
12	34361465	fe020812-91d7-50ef-aa6b-b4effa7fc863	cs		
12	34361465	7b04da4c-e807-519a-a018-fa3d0afd5f5e	cs		
11	2366774	759c847f-caa4-5067-87a5-819ad8c407a2	zh		
11	2366774	7b04da4c-e807-519a-a018-fa3d0afd5f5e	cs	czech republic	
11	2366774	41aa4cf5-324c-52c4-b0bf-a64aca51008c	fi	finland	
11	2366774	fe020812-91d7-50ef-aa6b-b4effa7fc863	cs	czech republic	
11	2366774	e50271d9-9c94-5650-9e67-013b41b8aed0		china	
170	73693	6521c274-0290-5c9a-82e8-4cb712facbb1			
11	4806882	ba066b4b-6b51-50c2-ad12-b0ef8c38b384	zh		
11	3793330	153f67f3-a943-506a-a412-6372d50e796c	zh		
6	312022s	f2073fad-2981-5d9f-8aeb-ac0de6b65bdb	fr		
6	312022s	fd40378a-a75e-5f66-85d7-ef21e14edf71	ko-Latn		
6	312022s	42baadf7-d023-5241-ada2-a3d28c94d9cd	en		
6	312022s	78829715-af95-52c5-9688-26a2002b3d20	ja-Latn	R≈çmaji	
6	312022s	6ddab184-bd96-5c00-81a2-dcadabffa4b1	de		
6	312022s	670e8792-d4d5-5d66-a3a0-9f4a539c5131	en		
6	312022s	0400f5f7-66c7-58fd-9fb6-4c907acf3b81	es		
6	312022s	131251ba-f7d7-5ff9-8b45-e583a16728e1	es		
1	11493027	f4849db5-2dd8-5c28-b28b-13ba24a496a0	Italian	Italy	IT
1	11493027	b2b1c273-c604-57ab-a0aa-481c812650f1	Russian	Russia	RU
1	11493027	4456ef56-528d-5052-96a3-26ea2de61b88	Spanish	Spain	ES
1	11493027	ba6d2d40-c639-5cbe-b3ab-b0c934170c6d	Russian	Russia	RU
1	11493027	b53ae08d-d935-5c75-a2ae-0fba4e4b4172	English		
1	11493027	5c257893-b818-57fb-ace7-8d438346985b	Polish	Poland	PL
1	11493027	d40f28ce-a719-5fe0-9e77-5563e614d03a	German	Germany	DE
12	38807653	c1cfcba7-e92e-567e-a7da-6e8251419417			
4	318061	02db0002-f5ed-540e-b279-ffaab5644765			
4	318061	c1cfcba7-e92e-567e-a7da-6e8251419417			
170	1892404	ac4fec29-88a5-5a51-8f9c-a7b367a5ca1f			
170	1892404	13fe5dcd-1737-591e-b9cd-7177b464fec7			
170	1892404	f62bfd44-8a8f-59de-b1ef-7b00fe9f27d0			
170	1892404	a74f212f-6382-5538-8573-12ef30b60d25			
170	1892404	165e08fe-d817-584e-b9e0-76cb41bac451			
170	1892404	b0951f8f-7216-510b-bceb-8f5028bc02a8			
170	1892404	61b80f06-b41e-5751-b200-9ba061ae951f			
170	1892404	46a9bf94-157d-589f-b39b-31c5cb1fc1a6			
170	1892404	2bee5055-abbf-5dd7-9884-daf739bb936e			
170	1892404	5a5f2c9b-ef28-5a87-b50a-359a21a23620			
170	1892404	b2172a8b-a10a-5a6d-b41c-8d29302ab596			
170	1892404	d5eb877f-720b-5b19-9161-830ddd84921f			
170	1892404	e518092c-c5e4-5803-b187-19b85c030e1a			
170	1892404	09807ab2-45ef-5632-97be-a22adb9c57d3			
170	1892404	57c7005b-1bed-517a-b43d-cf6b69606c74			
170	1892404	678eb91f-8173-597d-9711-81d1a6d8a8ce			
170	1892404	49f09097-fd21-5bd5-b0f1-ea548f80044e			
12	35657817	f62bfd44-8a8f-59de-b1ef-7b00fe9f27d0	en		
12	35657817	b2172a8b-a10a-5a6d-b41c-8d29302ab596	en		
4	1070781	c5525b33-e217-57bf-be39-c41e0e085217			
170	10743846	30b2783b-0dfb-5889-9cdb-331aa65cd902			
170	10743846	94cbace6-078b-5a23-97e5-4b40d9e134ba			
12	40351294	fe5c2f0a-7e11-50a2-b924-baabbbce913c			
12	40351294	7e62ad47-5b96-5ef6-b443-b4fffbf3d88e			
12	40351294	94cbace6-078b-5a23-97e5-4b40d9e134ba	cs		
11	5962653	7e62ad47-5b96-5ef6-b443-b4fffbf3d88e		china	
11	5962653	94cbace6-078b-5a23-97e5-4b40d9e134ba	cs	czech republic	
11	5962653	fe5c2f0a-7e11-50a2-b924-baabbbce913c		china	
6	408660s	a99cf5b1-8bb4-5a80-802c-69f2923989ab	en		
6	408660s	07a9a0a3-865c-587f-bb5d-f220d49ec899	en		
12	35667929	48717b4a-1e8a-5c70-8945-1d741250c990	en		
163	165883	ebed73b5-0af2-57f0-8fe3-321e806f824b	spa		
163	165883	b0f6c78e-ad63-505f-a915-d9c01ea06906	eng		
163	165883	b1a1bce2-e239-58ea-8485-276f509515cf	eng		
163	165883	dedcfd17-dad7-516a-b858-fb7d495de077	spa		
163	165883	076bd7bb-d83b-577d-9bdd-849e2e8fb438	eng		
163	165883	beac196d-aa49-5084-9c2c-4d985bff98a0	eng		
163	165883	6c7059fb-35ab-5ae9-b07c-b1f07d378a81	spa		
163	165883	7c1fd9ca-628c-54af-96b3-4b85ddc345c2	spa		
163	165883	5e8f7c41-23b3-5903-8732-38a724b71aae	eng		
163	165883	4031937d-b91b-5d42-ba2c-772118240897	eng		
163	165883	c03f8b12-323c-5e8d-a0f8-bb1cb037bcd6	spa		
163	165883	c4c590d7-301e-55af-9bc4-a767b067364a	fre		
163	165883	f00427e4-f192-5d60-a320-1367441d3060	spa		
12	40334870	57772f20-0447-5deb-b3bb-7491daac6781			
12	40334870	0bc50e6c-fb10-5881-b6b0-5d386ddaaf77	pt		
12	40334870	9e28b81d-e46e-5c64-87e6-af9d47e6b5c2	nl		
12	40334870	c39130d1-6c28-5c38-8817-2cb5e3b0b596			
12	40334870	6fb7cac8-7c35-5410-9518-e569b63c6bb3			
12	40334870	b0f6c78e-ad63-505f-a915-d9c01ea06906	en		
12	40334870	370f50a3-3f2c-5f6b-b4ed-d4a53c358200	pt		
12	40334870	26768514-378d-522e-ab93-edbafaac7c5a	de		
12	40334870	c4c590d7-301e-55af-9bc4-a767b067364a	fr		
12	40334870	ebed73b5-0af2-57f0-8fe3-321e806f824b	es		
12	40334870	185b0543-2419-58cc-9fde-ff20ae013a7f	pt		
12	40334870	acd7744e-8d31-57df-bc95-1028a73e2694	pt		
12	40334870	05f5677d-fb39-5324-8a82-0944f40aede9	pt		
12	40334870	24004417-11f7-5a08-b17e-982d6b0e51a5	en		
12	40334870	da9a434a-e605-5fdf-968b-b72773792aa9	en		
12	40334870	fa6447c6-face-5083-813a-5562ebd7060c	pt		
12	40334870	2c5a28ed-4a40-53bd-8c1d-db108a1d50a6	pt		
12	40334870	c1e1fd77-8d17-5125-bc99-86781461e28a	pl		
12	40334870	045fd760-941c-53cd-a8c6-ecbbb45d00e2	da		
12	40334870	346c2402-2db9-5f3e-ad25-c6fc334297ed			
12	40334870	0b5e9227-0381-58ec-9567-f731a7810c61	ja		
12	40334870	94334852-42c4-56af-b79b-0bf720d54abd	en		
12	40334870	c03f8b12-323c-5e8d-a0f8-bb1cb037bcd6	es		
12	36345818	67d82b74-2576-5300-91a2-bdbc35be8512	en		
12	36345818	40e426b9-38aa-521e-96a9-2aa5a7d799d7	es		
12	34346307	bbc8a374-43c2-59b7-8b33-d79e26347cfa	pt		
12	34346307	8396f04a-2c41-58c3-a859-a63d9a579e87	pt		
12	34346307	7c1fd9ca-628c-54af-96b3-4b85ddc345c2	es		
12	34346307	1ad89c57-5024-5e1c-8a62-1e9a70b7e020	en		
12	34346307	6c7059fb-35ab-5ae9-b07c-b1f07d378a81	es		
12	34346307	be39665f-198e-58bb-832e-611e6763a92d	pt		
12	34346307	dedcfd17-dad7-516a-b858-fb7d495de077	es		
11	5211452	586e4c35-96d3-5583-a3da-d4da0a44ef24	pt	brazil	
11	5211452	1bffe6e9-9c19-58b8-8a56-bb240f1bd9fd	en	usa	
11	5211452	dedcfd17-dad7-516a-b858-fb7d495de077	es		
11	5211452	57772f20-0447-5deb-b3bb-7491daac6781		netherlands antilles	
11	5211452	beac196d-aa49-5084-9c2c-4d985bff98a0	en		
11	5211452	c5c44c3a-d341-5fef-b094-1ed675ea86ab	pt	brazil	
11	5211452	9e28b81d-e46e-5c64-87e6-af9d47e6b5c2	nl	netherlands antilles	
11	5211452	045fd760-941c-53cd-a8c6-ecbbb45d00e2	da	denmark	
11	5211452	c6634b25-1be5-55b3-bf3b-c7d3d9319e08	pt	brazil	
11	5211452	b1a1bce2-e239-58ea-8485-276f509515cf	en		
11	5211452	b0f6c78e-ad63-505f-a915-d9c01ea06906	en		
11	5211452	7c1fd9ca-628c-54af-96b3-4b85ddc345c2	es		
11	5211452	ebed73b5-0af2-57f0-8fe3-321e806f824b	es		
11	5211452	6fb7cac8-7c35-5410-9518-e569b63c6bb3		china	
11	5211452	26768514-378d-522e-ab93-edbafaac7c5a	de	germany	
11	5211452	346c2402-2db9-5f3e-ad25-c6fc334297ed	zh		
11	5211452	18a7e6aa-2f31-584d-9782-508455c93e61	ja	japan	
11	5211452	5e8f7c41-23b3-5903-8732-38a724b71aae	en		
11	5211452	92d71bfb-9942-57a7-b8ad-72a49218702a	pt	brazil	
11	5211452	185b0543-2419-58cc-9fde-ff20ae013a7f	pt	brazil	
11	5211452	df52fbb4-1317-57be-8d3e-f8968bbe7c79	en	usa	
11	5211452	0bc50e6c-fb10-5881-b6b0-5d386ddaaf77	pt	brazil	
11	5211452	c1e1fd77-8d17-5125-bc99-86781461e28a	pl	poland	
11	5211452	67d82b74-2576-5300-91a2-bdbc35be8512	en	usa	
11	5211452	6c7059fb-35ab-5ae9-b07c-b1f07d378a81	es		
11	5211452	a651eb7a-1f18-5790-9efa-4e78cd120e83	de		
11	5211452	c03f8b12-323c-5e8d-a0f8-bb1cb037bcd6	es		
11	5211452	c4c590d7-301e-55af-9bc4-a767b067364a	fr		
11	5211452	24004417-11f7-5a08-b17e-982d6b0e51a5	en	puerto rico	
11	5211452	1ad89c57-5024-5e1c-8a62-1e9a70b7e020	en	jamaica	
11	5211452	f00427e4-f192-5d60-a320-1367441d3060	es	mexico	
11	5211452	65dc803a-e843-509c-91a3-716308cb38f2	en	usa	
11	5211452	773f3f46-8ad0-5df9-a397-e44f15016869	pl		
11	5211452	076bd7bb-d83b-577d-9bdd-849e2e8fb438	en		
11	5211452	c3e65bf8-dae4-5c57-b20e-082f34fcd351	pt	brazil	
11	5211452	4031937d-b91b-5d42-ba2c-772118240897	en		
11	5211452	3d4e0c02-5ea1-5a70-8fda-2337d254e91b	ru		
11	5211452	acd7744e-8d31-57df-bc95-1028a73e2694	pt	brazil	
11	5211452	370f50a3-3f2c-5f6b-b4ed-d4a53c358200	pt	brazil	
11	5211452	c39130d1-6c28-5c38-8817-2cb5e3b0b596		netherlands antilles	
11	5211452	3089decf-40c4-514d-add7-92387100cd54	pt	brazil	
3	169623	40e426b9-38aa-521e-96a9-2aa5a7d799d7	Spanish		
2	195018	4e1f3fe8-734d-5439-9222-e06b7dffe42d	en		
2	195018	1bffe6e9-9c19-58b8-8a56-bb240f1bd9fd	en		
12	32516034	48822cd7-bad1-5eec-a7cc-9880c0cdb204	en		
4	1260382	b03c6c2b-2abd-539c-8063-2ac198f00b6c			
11	6125494	7dd62d35-e478-58ce-9ca7-5dfbc0ec9ff7	zh		
175	12413	16e22269-a6f7-5149-97f9-ea21c2f03b3a	en		
163	149204	16e22269-a6f7-5149-97f9-ea21c2f03b3a	eng		
12	40299647	16e22269-a6f7-5149-97f9-ea21c2f03b3a	en		
11	5231768	ee1e47cb-29b0-5429-8338-6ca2d5704047	br		
11	5231768	d3f1055f-a71f-513c-84ad-bc5140677b65	fr		
11	5231768	bc6f0a82-8b0c-5630-afcf-ed53682f5de6	zh		
11	5231768	f5bc9dff-9b37-5484-a671-8da1155e3157	sv		
11	5231768	e124dade-2f61-5699-85c9-22f02c9c96b2	eo		
11	5231768	c0a89811-4422-5160-a25f-af295b1dff09	en		
11	5231768	a0cba845-f31e-57ad-b640-253b911b8792	hu		
3	562487	16e22269-a6f7-5149-97f9-ea21c2f03b3a	English		
2	252144	543cb586-e6ff-59af-89d7-f53d9ce86646	en		
11	2408143	ecf5419d-c641-5edc-b647-36ca617be710	en	malaysia	
11	2408143	ac4dc749-e370-597b-8ab7-db0a84f27a98		india	
11	2408143	e0841553-4650-5c7b-b34c-ba774fd26fe1	en	papua new guinea	
11	2408143	269b199f-838e-550e-87d8-2c29fa0b8292		malaysia	
11	2408143	5c43b46a-0fc0-5db8-b0c8-0ec1908b0b63	tl	philippines	
11	2408143	2a309608-83dd-5b59-8e9e-c82d14181b13		malaysia	
11	2408143	52be0a17-b5b1-5fb4-a895-eaa8c2a2aab6		china	
11	2408143	4163d5a5-0a18-5b14-952e-5d97111d9cfa	en	malaysia	
11	2408143	6ad978ad-442a-5c65-94dd-f202baca757c	fr	new caledonia	
11	2408143	9492aed4-df54-5dd9-ab29-991eff995582		malaysia	
11	2408143	a2958030-9962-53bd-a5c3-167f8b055b9b		malaysia	
11	2408143	0c3c313a-efad-5b67-9524-4752019a32a3	en	malaysia	
11	2408143	3e8cf6e5-1013-554b-9284-5aef0fef3d01	da	denmark	
11	2408143	a01fade3-db2f-5c90-87bf-d8ae07c3fe07	fr	new caledonia	
11	2408143	7043b45a-b7f3-5ad6-bfad-cf5802f60884		malaysia	
11	2408143	bbefb0d8-3418-5dbc-ad91-56367221c071		new caledonia	
11	2408143	6072a22a-1353-5633-9efd-e5562b4fd8be		malaysia	
11	2408143	d0d35f86-6c0c-5389-9f72-aa05a04e7f75	en	malaysia	
11	2408143	70d40782-0d78-58d0-9505-30e03dbbf606		china	
11	2408143	23fb77c6-08b9-59b0-ae7d-f38752d1b5e1		china	
11	2408143	9ef0d135-902b-5bd9-821f-046a9d8b4ef8		malaysia	
11	2408143	0bfde5ea-5d97-5841-97d0-93e4922f1019		philippines	
11	2408143	cba9efb4-4160-59b4-a812-a872fbbbcb13	ml	india	
11	2408143	7e9f68dd-c784-5321-a4de-dc602f4d5649	fr	seychelles	
11	2408143	2190072c-9349-5365-ba7f-61d22ed10288		malaysia	
11	2408143	2e6c58af-777e-5155-abe6-7418270e9ef9	ja	japan	
11	2408143	65eeec88-3def-5cbb-9eab-88c0dcb649aa		china	
138	12698	3f0a07f0-ae21-57bd-bd94-9c81fccf32b1	en		
11	6100984	6e2c7dff-a910-5356-b01e-4049cf171934	en		
174	15507	bdf8d855-13cb-57ce-8809-51be5dd28688	en		
163	161341	147f5c69-d765-580d-b37b-0e90111c8b68	eng		
12	44543036	566d7673-8404-50e8-8996-cfb950a721f0			
170	1888141	4ec0390a-abdd-5dcb-8210-f8f41522fb9d			
170	1888141	e6968526-71b8-5356-8033-a85f2528a637			
170	1888141	bf623c2f-bd38-5d8c-8e41-5f7c3f63ad9f			
12	35644148	4ec0390a-abdd-5dcb-8210-f8f41522fb9d	en		
4	521180	4ec0390a-abdd-5dcb-8210-f8f41522fb9d			
170	1892717	01fdf32c-f51a-59ea-b82f-c3352fbd828e			
170	1892717	f5279f6c-0b33-5bab-9763-eff277ee4276			
170	1892717	55a900a0-7b65-57a3-8d87-cc9d5a70783a			
170	1892717	98c9c4ad-baf5-5b2e-8a21-a587f024254f			
12	35649334	982563fa-e145-58b7-a351-556dc169de0d	en		
4	327944	98c9c4ad-baf5-5b2e-8a21-a587f024254f			
4	327944	5016d83d-b1d0-5b99-8531-7c5e1b70878e			
11	2263109	1808fb57-e7df-50c6-a96e-6b45c89c82ba	de		
170	1810338	786c3648-0746-5ce5-922d-af2a2a449456			
1	561870	fcdf2267-c214-548f-8b58-05633c5648d2	Russian	Russia	RU
12	36421867	7b8d22cc-93d5-5e50-a735-7d2f7f887233			
3	16326	7b8d22cc-93d5-5e50-a735-7d2f7f887233	Common name		
170	1993287	6ce65744-609c-55e8-b2e0-4a2044cd0254			
12	40337794	6ce65744-609c-55e8-b2e0-4a2044cd0254	en		
11	5208828	6ce65744-609c-55e8-b2e0-4a2044cd0254	en		
170	1841475	0c93f4c7-4a8e-590e-be94-27fde5fe9f6a			
170	1841475	da017115-24f0-50ca-a753-aeeead0062e9			
11	2765037	d230c8fa-99ab-5752-a660-bc88596cc5e7	zh		
11	4097963	fbb9a72d-075b-5ef1-9efb-8f4aa056589d	ar		
11	4097963	2f477199-07b7-508e-bb48-bbb63b3093b5	el		
173	2207	0d6868a8-e951-589e-8363-a1637ac40001	en		
170	1941705	6da3ccfb-52cd-5b89-b59c-279d890eea90			
170	1941705	5771fb9a-b2f8-53bb-8473-e05e04a1dff7			
170	1941705	30b2783b-0dfb-5889-9cdb-331aa65cd902			
170	1941705	4257c72e-52dd-5679-998b-34eda9e6db39			
163	60093	a8b60a7e-8cb6-545a-8c1e-57e2d892377f	eng		
12	40321837	85ceb911-407c-5f4b-adaf-38251e814b64			
12	40321837	0abcf59a-4d9c-5eb6-ac10-792b1c059251			
12	40321837	85d7143b-dca7-5d0a-ab7e-8f1f4d430454	en		
12	40321837	5771fb9a-b2f8-53bb-8473-e05e04a1dff7	nl		
12	34380030	4257c72e-52dd-5679-998b-34eda9e6db39	en		
12	36453375	1bc7c4cb-f570-50e8-b3f7-9b286d83dae7			
12	36453375	5898d1a0-6376-5db6-9349-ca5189b28863			
12	36453375	913a6d38-ee18-529d-9481-99e39019bb9e			
3	32051	5898d1a0-6376-5db6-9349-ca5189b28863	English		
170	10048933	fcdf2267-c214-548f-8b58-05633c5648d2			
1	560703	fcdf2267-c214-548f-8b58-05633c5648d2	Russian	Russia	RU
12	44519303	f6ae79cd-48d3-511f-b0d0-4da69ff9b201			
12	44569357	76516a13-f951-5cb5-bf51-e5ef587b4549			
11	2120807	78b44c9e-5e0c-5995-befa-53ec69e911f8	en		
12	35642104	06235119-0189-51b8-af62-60073a299ba7	en		
2	451752	64bdc9fd-6b0d-5ced-a867-3433968d8867	es		
3	524077	b1833641-ab20-5103-a185-a34492390023	Common name		
11	4822849	dfd0e438-c7da-50f5-88de-114f1dffd89b	ko		
11	4822849	66df09e8-25e7-5242-90d0-241497572bbf	zh		
11	4822849	866b4cdc-479a-5c9f-9ae9-26d49ff0ae68	pl		
11	4822849	0317d87b-6a03-59b4-a76c-85fc272240ea	it		
11	4822849	ec6526ad-7c42-53f6-8d95-fbea204b327f	ca		
12	44581111	8d2d1ba1-1af6-524d-afc4-9e291b72d1f9			
12	34577655	bb979cf5-8ecd-550a-950e-30132956ef4d	en		
12	34577655	18980e88-e664-5c1a-b610-84e568d0e756			
12	44566215	26c2b800-b06d-53bf-915c-083f873e5550			
12	36424957	fb2d7a1e-d210-5091-b6f7-3794e6ba525f			
12	40872776	a98a2da6-4811-5629-8ae9-b1cab2102b10			
12	44623079	b39bde72-df40-5b02-afef-fdde89c340a3			
170	1974719	2c42d1fa-0094-57cb-8e4e-5c4b94be0dc8			
170	1974719	4fffb729-5ab9-5003-acb3-e47e3a792e19			
170	1835705	cde28593-1251-5936-8d01-67b11d12ce50			
3	39800	bbbfd61e-7f9f-5b94-92e9-8079a96b33d9	English		
12	28924202	be9c514c-5b8b-5257-a4fb-ee5254c56e38			
147	4759	058b8aff-b248-554c-89e2-000cd9e02cb5	EN		4759
147	4759	8b4dd546-e5c6-5a3b-9f7c-0d696c08933b	FR		4759
147	4759	9ff53a87-c1c1-5a08-9ea9-6f8fb7fe9d7c	EN		4759
147	4759	6897d011-f16f-5238-a703-2262c66f8db2	FR		4759
147	4759	1098b8f5-b4c2-58dc-8bdd-646c2225258f	EN		4759
4	205127	af2cdc36-d1c4-5655-b600-9d9243f9c254			
170	2249324	9f752a0e-cf21-5a08-b61c-46fee1609697			
12	40493529	9f752a0e-cf21-5a08-b61c-46fee1609697			
12	36430282	a26cd372-4b64-5785-9042-707cd889cd25			
12	36430282	d5d0ebf9-db97-564f-9ab6-ba4e5fe2e01f			
170	2642595	24462f3d-bc34-5c1f-959e-e74b4f67eb61			
1	11479254	24462f3d-bc34-5c1f-959e-e74b4f67eb61			
3	523899	93900740-b548-556e-981b-045922f751f2	English		
170	2001425	49571b91-1153-5d6f-8a87-b011237f181a			
170	2001425	01f0edc4-15f1-57ba-a3bd-c30708b6ebbd			
170	2001425	a74f212f-6382-5538-8573-12ef30b60d25			
170	2001425	6a2f0039-1956-5a70-afab-32f8ac2fd70b			
153	380901	f6e12d33-9e64-563a-ad23-f8381863310f	380901		
12	40358460	f6e12d33-9e64-563a-ad23-f8381863310f			
12	40358460	e643ee93-5b0a-5431-8c7b-4e1f408fbc9d			
12	40358460	17006652-15df-5b9d-b1b2-f734a5c73310			
12	40358460	01f0edc4-15f1-57ba-a3bd-c30708b6ebbd	ja		
12	40358460	6a2f0039-1956-5a70-afab-32f8ac2fd70b			
12	40358460	9c1c7d39-670f-55e3-9ffd-26767c8b509a			
11	2368793	e643ee93-5b0a-5431-8c7b-4e1f408fbc9d		china	
11	2368793	6a2f0039-1956-5a70-afab-32f8ac2fd70b		cambodia	
11	2368793	49571b91-1153-5d6f-8a87-b011237f181a	en	papua new guinea	
11	2368793	9c1c7d39-670f-55e3-9ffd-26767c8b509a		china	
11	2368793	f8933508-df2a-5286-acb2-acb7ea8121e2	ja	japan	
11	2368793	f6e12d33-9e64-563a-ad23-f8381863310f	zh		
11	2368793	17006652-15df-5b9d-b1b2-f734a5c73310		china	
12	44595052	e095d8fe-2457-5226-b288-60e44e56bdf9			
12	34702034	e5628a57-1f82-57a5-a00e-df9349d8a5a6			
163	11346	073a47b0-e107-5dd0-acd9-de099127e14a	eng		
12	36784889	27ebcd67-e997-50ec-be0b-974780ca8256	en		
12	36784889	eda4f14e-7476-5235-a342-5df7099c6a53	es		
12	36380015	ab383fbb-e50d-58d2-ae5e-bd6e04126506	en		
3	552512	27ebcd67-e997-50ec-be0b-974780ca8256	English		
12	36366416	9f466a75-55d7-5025-a715-ca6a24c0f8e2	en		
12	36366416	fd534122-319c-5bac-a1e1-a5cb36841d16	en		
170	1905054	54c69438-d86c-5c0e-8c71-ae015173461c			
2	100168	42767591-8a4d-573f-8045-3f5a9fa4b0b5	lt		
170	2010486	38a43bb1-57b9-5a87-b078-14857145b35f			
12	34262602	38a43bb1-57b9-5a87-b078-14857145b35f	en		
3	660519	38a43bb1-57b9-5a87-b078-14857145b35f	English		
12	40351360	243535ae-409a-59a0-b58b-43aefffd643d			
12	40351360	e027b83f-26be-5cb8-8f46-95de2457f43b			
12	40351360	420d578b-ea8c-5330-8b96-4bd58a7e3aef			
12	40351360	a6a6b3b9-e867-5076-97ed-047cba501cff			
12	40351360	f3d48d53-6024-5b40-8082-4406ff309ccf			
12	40351360	2de14568-7d41-5f4a-bad5-b633361dfc36	cs		
12	40351360	108d5375-4e30-50ff-a819-ee47a4366476			
12	34363051	3699d050-c73c-5131-bcb1-f96a733a7f7b	de		
11	2366178	420d578b-ea8c-5330-8b96-4bd58a7e3aef		cambodia	
11	2366178	a3fd51ba-9918-559f-8034-f731fb10bb64	zh		
11	2366178	d9c03c36-c2ce-53f2-80e2-14e86f027b4b	en		
11	2366178	f3d48d53-6024-5b40-8082-4406ff309ccf		laos	
11	2366178	c0f24f62-c9e9-5398-a889-a52fe4f393d2	en		
11	2366178	e027b83f-26be-5cb8-8f46-95de2457f43b		laos	
11	2366178	2de14568-7d41-5f4a-bad5-b633361dfc36	cs	czech republic	
11	2366178	a6a6b3b9-e867-5076-97ed-047cba501cff		laos	
11	2366178	108d5375-4e30-50ff-a819-ee47a4366476		cambodia	
11	2366178	243535ae-409a-59a0-b58b-43aefffd643d		cambodia	
11	2366178	3699d050-c73c-5131-bcb1-f96a733a7f7b	de	germany	
170	9220	2a9588bc-6e86-5d61-aa64-aff1f68a44be			
170	9220	43294711-df5d-529d-a62d-6cd695aecb52			
11	2362129	ddb758ca-09cb-521a-a150-27c9f57f8c8a	cs	czech republic	
11	2362129	c7da882a-376f-5261-aefc-95b3fa452524		china	
11	2362129	f64f87de-1e59-53a8-835a-9b3b6dbd775d	en	usa	
11	2362129	e54232ca-2f9b-56de-931a-acd24c7f6189	en		
12	44529357	6d9a5eb2-8ea9-5bbe-b455-c131fe838b46			
170	1878963	b1644a66-0a99-506f-9a34-47c925605084			
170	1878963	5c308476-78d1-5fd9-a5e7-7fc49af32fe8			
153	408702	bbcad085-4c7d-5273-85af-6a20464dd8d4	408702		
11	1736377	14fd3af8-35cf-58a7-9c75-e21f73d5822d	nl		
11	3032698	56403a69-b0d6-5223-b991-d017309776ee	en		
11	3032698	0d8db93c-7409-5599-bee1-d6436a84cb60	es		
11	3032698	8d3141d5-13b2-5a86-9b28-a5e6f053e4a1	fr		
11	3032698	4e1e9104-56b5-54c6-8e3a-0d2b390b35e8	de		
11	3032698	5beeeaf8-0dd4-586f-af2f-a9267291ab94	nv		
11	3032698	5da19991-9ac9-595a-b7a3-40c94ccf3efb	en		
11	3032698	81fb7f69-a938-5511-b88a-3fb850decb73	en		
6	448262s	b523add9-de1e-5af2-8fcb-bffde13d27c3	en		
3	24527	91071936-9074-59a4-afb6-c89cfdab4944	English		
11	5796362	439f270c-bd22-5f94-a0f3-f155166ad4cb	vi		
12	44571662	2f9eda72-7f2c-5653-9455-99edce2cbdd1			
12	34582336	1c38adf8-a1d8-53d6-8acd-d34569b4f40f			
12	44527468	f3029fc5-7f0b-5ba1-90d8-90f19d54d5a7			
11	2497492	9b555e1b-1e23-53ca-bfc1-2b48a6206e3f	sv		
11	2497492	cde1ecda-7128-5695-9e95-0e5bf565630b	zh		
11	2497492	8cd40570-71dd-556e-98d2-33fd871a01ab	hu		
11	2497492	eb885371-d2be-57dc-ac1a-484deba4179d	ms		
11	2497492	4cb8d5d5-2744-571a-b025-e6f0fb2dbf74	en		
11	2497492	9237c66e-9d75-5bc2-b0ce-3b41a8eef0b6	fr		
11	2497492	3675de2a-8d6c-50e5-9912-fa6007ce7e76	fi		
11	2497492	9c06b706-2072-5633-949d-bab88e4dde41	de		
11	2497492	e768ef58-cce1-5bb6-aa06-195a269a9180	en		
11	2497492	0713d779-6f49-54c9-bef6-9db84b36f5ff	pt		
3	555425	4cb8d5d5-2744-571a-b025-e6f0fb2dbf74	English		
1	11913765	4cb8d5d5-2744-571a-b025-e6f0fb2dbf74	English		
12	40499744	26618c16-618c-5538-b8fa-493c61a5335c			
1	11473978	bc945b78-2dcb-5118-b15c-ebc2ff9fe002			
172	41927	9fed50ac-6277-5f77-a00f-3b949fb13d48	en		
153	380888	7611f085-3323-5e0c-95fe-be570879a812	380888		
12	40358384	a4453792-93fd-5016-9dd7-5309d4b85115			
12	40358384	140e0a9e-20a5-5ace-99a7-b9ef3bf0042c			
12	40358384	478cd9fa-4e1c-5116-9a32-8bd7cc6c4091	pt		
12	40358384	115be626-75d1-5663-b279-94608e2a0139			
12	40358384	10397173-2822-5240-8e4c-0df194717248			
12	40358384	d196b271-9bef-53b0-956d-ea13d26de24f			
12	40358384	20bd3256-b9f9-5eda-bca3-552460501d8e			
12	40358384	7611f085-3323-5e0c-95fe-be570879a812			
12	40358384	b0699d54-a6ed-5a3a-83c9-08f71841fdde			
12	40358384	6088dbbf-d764-590c-bb3c-7110eab3eb17	en		
12	40358384	f37c0043-bfeb-5600-8a74-0fde7f66ac96	pt		
12	40358384	c9d140b7-392b-531d-8edf-eac2552d51f0	en		
12	40358384	236722e6-a529-562b-970c-2221205afb3b			
12	40358384	08fd903a-3001-5e44-b977-ea32c7d16fa0	ar		
12	40358384	e4ea12dd-cf75-5f0c-898a-bed702797c49			
12	40358384	768f57a0-080e-58f3-9c6a-92ee1202bae1	es		
12	40358384	a459fd15-948d-5de5-920a-9ba3723914ca			
12	40358384	4dc3df78-1f34-5aa0-b072-b8365fcc2326			
12	40358384	4f4d2c4e-63d9-5f4e-ae8a-060d6c6acbea			
12	40358384	fdb33ffd-7d52-5c0e-b2f3-ce69bb0a4620	fj		
12	40358384	773a298b-d26e-546a-9ce4-aab99ba9a78a	vi		
12	40358384	0d6d2c9f-231e-52f1-94a2-7407d264f535			
12	40358384	6fd20cb3-a1f9-513f-b924-e93cdb4f7360			
12	40358384	072fb7fb-ce50-5dc3-a356-a0232add57ee			
12	40358384	6be0326b-eaf5-5c68-93cc-c398291c54b2	tl		
12	40358384	a34c9dbe-8318-58eb-9b49-3ab0b5b57f42			
12	40358384	b46cd7ca-aeea-5c92-bb00-b15db1194c01			
12	40358384	dfd7d816-c47b-5a22-b845-5319c85e206a			
12	40358384	65d28f7f-f207-507c-8bd5-7e5172edf40c			
12	40358384	bbf79c18-344b-579e-be90-03b3703f848d			
12	40358384	fb436d9b-e132-5851-9578-f85e90b1e7e3			
12	40358384	a69928a7-3cfd-52fd-992d-8f402274617b			
12	40358384	b6465c7a-6fca-54e9-9387-d5ac4807d081			
12	40358384	07b4271d-8c40-5d88-b7e0-d0a10f7f8938	fj		
12	40358384	944d0f6e-f404-592d-9872-d9ba2433392e	af		
12	40358384	d95bdfc1-1abd-5399-b582-3053cf3de57c	sm		
12	40358384	c3a63fc8-0246-580f-b2ec-ef59d6c8c378	de		
12	40358384	d3271f4c-77a6-5ab1-aa27-7fc922a4d84c	el		
12	40358384	25f1543f-f78b-589f-9b28-0f70511cd014			
12	40358384	1761a7c2-b17a-5274-890a-e3a136138ce5			
12	40358384	8a6abc28-35be-592e-8e93-14f2d19aa3ad	jv		
12	40358384	27416633-380d-50cf-ac9c-89f8470f3a91	pt		
12	40358384	7443a5dd-40d3-5aa3-a9ca-23b2c02f513f			
12	40358384	c0435b97-c9a6-57c7-8f60-0071103c609a	da		
12	40358384	aef81e56-71ba-5a40-a510-bf943906ced5			
12	40358384	71800fad-b23b-5195-83a8-ad54cae559dc			
12	40358384	d581ae53-18c8-5bd7-af6c-b3f5eb0e0690	my		
12	40358384	471cb77d-dc4d-5d1d-9e67-885f3dd2dcdd	ar		
12	40358384	101bb8f9-b581-5f03-934c-139989ebc3e0			
12	40358384	85f8bdd8-a708-5444-8828-e137905498b4	en		
12	40358384	9ebb49f4-f172-5919-9f91-e8e7c8e4cc31	pt		
12	40358384	ce8d4e85-1244-586e-b2c4-04b24b87412e			
12	40358384	a0bc02b1-bae2-59bc-9557-57b33c61199c			
12	40358384	62965589-146c-59d2-99e5-a8f9e85aec11			
12	40358384	ead51f68-5c79-57ec-ba97-6880c7320021			
12	40358384	4f1b5a87-37ed-5c5f-a01e-23820b4be76d	el		
12	40358384	37f3b12f-9de9-5722-8a6d-cebc10f7c548			
12	40358384	86f4e119-6e67-5be9-b181-ddad48af672f	it		
12	40358384	e7fca4b9-dc4a-5aa3-bdbf-dcc4f4185c51			
12	40358384	c5208cf3-2f25-5fc5-bb85-cf2b00f112a8			
12	40358384	e8d081b4-e7fe-564a-922b-d500643306a7			
12	40358384	60cf8f11-8b51-5422-8bf9-ccd9c2ced444			
12	40358384	92ceb0d7-312f-5d34-9823-4a6ce8472f32			
12	40358384	09537fd5-35ab-5f1c-a335-bb2bb86263e2	fr		
12	40358384	ac1b098b-bda0-5d7f-8777-cb817b68aab3			
12	40358384	a055b4cc-78a9-5174-a7c6-0697cc2f0db6	fr		
12	40358384	fa5a923e-2ef0-5792-b16f-f6d84089c50d			
12	40358384	c62ce374-59f9-5c94-8263-397b4fa0a879			
12	40358384	56737692-fa7e-5903-9166-b22bb3f66661	jv		
12	40358384	9962af36-609c-57a6-a000-ad8c0f033276			
12	40358384	970bae20-edd1-507e-8cb4-0f7fe830ea6c	jv		
12	40358384	fd6c724a-3612-5274-99ec-6affc8a7385b			
12	40358384	d7852dbe-30b3-53f7-ac8e-fbea7373ceac	ar		
12	40358384	63012608-57dd-5adf-a1d2-f8a87735e6b4			
12	40358384	67e25574-fcb4-5bf6-b46b-2a44047851af			
12	40358384	4d9a132f-de61-597c-8fd6-12889768a504			
12	40358384	8a8471f1-7b99-5249-9b72-febe14affefd			
12	40358384	3034e60c-988e-53f7-a24d-61834af8fdbd			
12	40358384	3204781b-9d65-519c-b257-4456fc6c2b49			
12	40358384	27496f92-f02d-5435-b758-58ad435e3242	en		
12	40358384	1b7c8778-a9cc-5710-8919-f437cd208051	fr		
12	40358384	daf8e0a3-91e5-522a-8272-e5d8eea4f54d			
12	40358384	03350106-22e6-5744-a175-b621c26a8d48			
12	40358384	4bd1ce66-8bf4-5a13-af8c-2f6a00bccfc6			
12	40358384	5f9df542-b1ac-560a-b0ab-6980219e8fa3			
12	40358384	91e254f4-eda9-5d3f-b40c-1d21df02f54d			
12	40358384	96b665db-5be8-5f9a-9be3-c8098d41ba66			
12	40358384	90e42f0c-ca58-518a-83e1-d2e10a7b3293	en		
12	40358384	66615b08-68c5-55e6-bf53-7c66c5408065			
12	40358384	c833b15d-6c55-526b-8b91-70e0c574c35e	my		
12	40358384	c3d6726c-7969-5488-8a76-cef06f854014			
12	40358384	148a1a07-1c0d-50be-9e8a-abb527de24ec	ru		
12	40358384	977e1b1d-ebe8-5d00-ad37-8228344c7dd3	tl		
12	40358384	79ff4017-fd10-5ac6-b3af-c40241a4c74d			
12	40358384	5cc468eb-2cc9-561a-8e8f-f5f327bdd422			
12	40358384	128f6141-cee0-5d77-bb96-1cde31ba4480	en		
12	40358384	42a0cf13-225e-52b7-af34-beeee045674d			
12	40358384	aa17199f-e908-598d-b538-bb35f264f89b			
12	34367897	a6eeec6a-3ee2-5357-ae9f-5ad1953d952c	hr		
12	34367897	c8dc4fe2-2a38-5828-9d70-3451b115e8e1	de		
12	34367897	c2d5967a-8d90-547a-9cb7-b4b3067d5a7a	vi		
12	34367897	5fd68b6f-4e72-546c-adfa-3adef5e27511	fr		
12	34367897	1f629a51-3343-52fc-a7e7-df78a7ed5ca4	en		
12	34367897	9c3657b6-df99-5938-bfe5-7f5fe872b1f6	es		
12	34367897	0c1ddf9b-8d59-5519-8f2f-a701f94ad7f3	pt		
12	34367897	0651033b-e008-51f2-9a48-a56e88e90ca6	pt		
12	34367897	e8db840b-3e1c-5f74-9b4f-9f912781aeb6	tr		
12	34367897	827bc026-a8d1-5360-9eeb-883b19ae0741	tl		
12	34367897	1a5eb2f0-bf01-52f4-9630-696ad4e6a1d3	jv		
12	34367897	956c9ee6-0b9a-5fec-bb39-6e4a52f807b2	en		
12	34367897	f7d1b8cc-2330-522b-a457-d2bd0c5407a4	fj		
12	34367897	baab8d2c-15e5-59e5-b2b8-f6a6059de8d5	ar		
12	34367897	77939951-cf92-5e64-94a1-17db56fc4c2a	ta		
12	34367897	56cb37a7-0ea4-5fbe-86aa-5a72df733a6f	ja		
12	34367897	fea62bd6-5f05-5ae3-ad5a-d07975986b86	tl		
12	34367897	d8d6e98a-4576-525b-a3e6-3f95524f5e88	so		
12	34367897	292b183d-6756-585d-ba2d-6ede17ca6c9d	el		
12	34367897	91295ec5-2a00-5f23-89c0-0b73b828278e	fi		
12	34367897	3c7affa6-5372-5307-a921-e9d590d3195b	es		
12	34367897	4f908079-ecda-5592-8fd5-1378d0d416b3	en		
12	34367897	04df2b39-7f44-57d7-bbe8-7ed614c4e9c4	en		
12	34367897	308f1659-b633-5f32-a015-a50d7a52c9b5	fr		
11	2368968	c5208cf3-2f25-5fc5-bb85-cf2b00f112a8		philippines	
11	2368968	c8dc4fe2-2a38-5828-9d70-3451b115e8e1	de	germany	
11	2368968	128f6141-cee0-5d77-bb96-1cde31ba4480	en	australia	
11	2368968	fb436d9b-e132-5851-9578-f85e90b1e7e3		philippines	
11	2368968	ac1b098b-bda0-5d7f-8777-cb817b68aab3		philippines	
11	2368968	a0bc02b1-bae2-59bc-9557-57b33c61199c		malaysia	
11	2368968	3204781b-9d65-519c-b257-4456fc6c2b49		tanzania	
11	2368968	115be626-75d1-5663-b279-94608e2a0139		tanzania	
11	2368968	e2e584c2-0c11-56e4-ae0c-ce25c9e24c5e	en	micronesia	
11	2368968	8a8471f1-7b99-5249-9b72-febe14affefd		philippines	
11	2368968	91e254f4-eda9-5d3f-b40c-1d21df02f54d		philippines	
11	2368968	6be0326b-eaf5-5c68-93cc-c398291c54b2	tl	philippines	
11	2368968	27416633-380d-50cf-ac9c-89f8470f3a91	pt	mozambique	
11	2368968	292b183d-6756-585d-ba2d-6ede17ca6c9d	el	greece	
11	2368968	bbf79c18-344b-579e-be90-03b3703f848d		new caledonia	
11	2368968	c3d6726c-7969-5488-8a76-cef06f854014		philippines	
11	2368968	4f4d2c4e-63d9-5f4e-ae8a-060d6c6acbea		papua new guinea	
11	2368968	0651033b-e008-51f2-9a48-a56e88e90ca6	pt	mozambique	
11	2368968	63616226-e016-5176-8233-2283d29453b8	fr	france	
11	2368968	20bd3256-b9f9-5eda-bca3-552460501d8e		micronesia	
11	2368968	65d28f7f-f207-507c-8bd5-7e5172edf40c		philippines	
11	2368968	4bd1ce66-8bf4-5a13-af8c-2f6a00bccfc6		tanzania	
11	2368968	b0699d54-a6ed-5a3a-83c9-08f71841fdde		kenya	
11	2368968	cbb5ad89-2456-5164-9d0f-a4c0130ed2ae	fr	france	
11	2368968	768f57a0-080e-58f3-9c6a-92ee1202bae1	es	spain	
11	2368968	c3a63fc8-0246-580f-b2ec-ef59d6c8c378	de	germany	
11	2368968	96c1beeb-f37b-5693-b89a-f69760ea2805	my	myanmar	
11	2368968	8a6abc28-35be-592e-8e93-14f2d19aa3ad	jv	indonesia	
11	2368968	77939951-cf92-5e64-94a1-17db56fc4c2a	ta	india	
11	2368968	10397173-2822-5240-8e4c-0df194717248		malaysia	
11	2368968	62965589-146c-59d2-99e5-a8f9e85aec11		malaysia	
11	2368968	d196b271-9bef-53b0-956d-ea13d26de24f		philippines	
11	2368968	a4453792-93fd-5016-9dd7-5309d4b85115		philippines	
11	2368968	aa17199f-e908-598d-b538-bb35f264f89b		malaysia	
11	2368968	c62ce374-59f9-5c94-8263-397b4fa0a879		philippines	
11	2368968	fa5a923e-2ef0-5792-b16f-f6d84089c50d		philippines	
11	2368968	aef81e56-71ba-5a40-a510-bf943906ced5		malaysia	
11	2368968	79ff4017-fd10-5ac6-b3af-c40241a4c74d		philippines	
11	2368968	7611f085-3323-5e0c-95fe-be570879a812		china	
11	2368968	9949ac95-fe99-52d2-8122-0c954240f219	pt	mozambique	
11	2368968	c2d5967a-8d90-547a-9cb7-b4b3067d5a7a	vi	viet nam	
11	2368968	6088dbbf-d764-590c-bb3c-7110eab3eb17	en	australia	
11	2368968	236722e6-a529-562b-970c-2221205afb3b		philippines	
11	2368968	b6465c7a-6fca-54e9-9387-d5ac4807d081		malaysia	
11	2368968	03350106-22e6-5744-a175-b621c26a8d48		philippines	
11	2368968	67e25574-fcb4-5bf6-b46b-2a44047851af		philippines	
11	2368968	79c3d220-5a07-553e-944e-ab79ec8f598c	ja	japan	
11	2368968	956c9ee6-0b9a-5fec-bb39-6e4a52f807b2	en	united kingdom	
11	2368968	1a5eb2f0-bf01-52f4-9630-696ad4e6a1d3	jv	indonesia	
11	2368968	944d0f6e-f404-592d-9872-d9ba2433392e	af	south africa	
11	2368968	fea62bd6-5f05-5ae3-ad5a-d07975986b86	tl	philippines	
11	2368968	101bb8f9-b581-5f03-934c-139989ebc3e0		malaysia	
11	2368968	3c7affa6-5372-5307-a921-e9d590d3195b	es	spain	
11	2368968	eec2c0bd-b9b7-5568-81d5-87ed3d71c9fa	en	micronesia	
11	2368968	3034e60c-988e-53f7-a24d-61834af8fdbd		philippines	
11	2368968	5f9df542-b1ac-560a-b0ab-6980219e8fa3		malaysia	
11	2368968	d2a2e3ef-a242-5425-93fa-663d5dd01994		new caledonia	
11	2368968	62979bec-2b9d-5d0e-baf1-76af2a52c6a0	en		
11	2368968	541172fc-2b1b-558a-bfa8-aa9d7e00c9ef	fr	france	
11	2368968	d95bdfc1-1abd-5399-b582-3053cf3de57c	sm	samoa	
11	2368968	0d6d2c9f-231e-52f1-94a2-7407d264f535		tanzania	
11	2368968	85f8bdd8-a708-5444-8828-e137905498b4	en	united kingdom	
11	2368968	7443a5dd-40d3-5aa3-a9ca-23b2c02f513f		new caledonia	
11	2368968	0c1ddf9b-8d59-5519-8f2f-a701f94ad7f3	pt	mozambique	
11	2368968	e7fca4b9-dc4a-5aa3-bdbf-dcc4f4185c51		philippines	
11	2368968	977e1b1d-ebe8-5d00-ad37-8228344c7dd3	tl	philippines	
11	2368968	a34c9dbe-8318-58eb-9b49-3ab0b5b57f42		malaysia	
11	2368968	07b4271d-8c40-5d88-b7e0-d0a10f7f8938	fj	fiji	
11	2368968	71800fad-b23b-5195-83a8-ad54cae559dc		philippines	
11	2368968	d7852dbe-30b3-53f7-ac8e-fbea7373ceac	ar	lebanon	
11	2368968	81b6f387-6c3a-56c6-8911-984cc169cfd2	fj	fiji	
11	2368968	66615b08-68c5-55e6-bf53-7c66c5408065		philippines	
11	2368968	04df2b39-7f44-57d7-bbe8-7ed614c4e9c4	en	australia	
11	2368968	5cc468eb-2cc9-561a-8e8f-f5f327bdd422		philippines	
11	2368968	140e0a9e-20a5-5ace-99a7-b9ef3bf0042c		new caledonia	
11	2368968	09537fd5-35ab-5f1c-a335-bb2bb86263e2	fr	new caledonia	
11	2368968	9962af36-609c-57a6-a000-ad8c0f033276		philippines	
11	2368968	fd6c724a-3612-5274-99ec-6affc8a7385b		philippines	
11	2368968	6fd20cb3-a1f9-513f-b924-e93cdb4f7360		philippines	
11	2368968	3f141cee-78ed-5233-8d1f-bab5e981ec82	en	australia	
11	2368968	91295ec5-2a00-5f23-89c0-0b73b828278e	fi	finland	
11	2368968	d3271f4c-77a6-5ab1-aa27-7fc922a4d84c	el	greece	
11	2368968	f37c0043-bfeb-5600-8a74-0fde7f66ac96	pt	mozambique	
11	2368968	827bc026-a8d1-5360-9eeb-883b19ae0741	tl	philippines	
11	2368968	42a0cf13-225e-52b7-af34-beeee045674d		new caledonia	
11	2368968	9ebb49f4-f172-5919-9f91-e8e7c8e4cc31	pt	mozambique	
11	2368968	60cf8f11-8b51-5422-8bf9-ccd9c2ced444		mauritius	
11	2368968	4d9a132f-de61-597c-8fd6-12889768a504		malaysia	
11	2368968	577947e2-36f6-5c21-819f-934aa0ac3fa9		philippines	
11	2368968	148a1a07-1c0d-50be-9e8a-abb527de24ec	ru	russia	
11	2368968	201e2d44-0e65-5173-87c7-4c2c89cdd03a	ar	libya	
11	2368968	63012608-57dd-5adf-a1d2-f8a87735e6b4		malaysia	
11	2368968	a84f6917-58c1-53ec-b57c-3ccb7963335b		philippines	
11	2368968	4dc3df78-1f34-5aa0-b072-b8365fcc2326		philippines	
11	2368968	92ceb0d7-312f-5d34-9823-4a6ce8472f32		china	
11	2368968	90e42f0c-ca58-518a-83e1-d2e10a7b3293	en	malaysia	
11	2368968	ce8d4e85-1244-586e-b2c4-04b24b87412e		new caledonia	
11	2368968	979bd1ba-5bc8-5879-b447-6fcd4e849356	my	myanmar	
11	2368968	06f503a3-7189-5ebd-8a47-f7e4967f8cda	fr	djibouti	
11	2368968	56737692-fa7e-5903-9166-b22bb3f66661	jv	indonesia	
11	2368968	9c3657b6-df99-5938-bfe5-7f5fe872b1f6	es	spain	
11	2368968	970bae20-edd1-507e-8cb4-0f7fe830ea6c	jv	indonesia	
11	2368968	7f9d693b-db79-5f53-9d40-a53e66721a6f		malaysia	
11	2368968	96b665db-5be8-5f9a-9be3-c8098d41ba66		philippines	
11	2368968	dfd7d816-c47b-5a22-b845-5319c85e206a		malaysia	
11	2368968	c0435b97-c9a6-57c7-8f60-0071103c609a	da	denmark	
11	2368968	e4ea12dd-cf75-5f0c-898a-bed702797c49		new caledonia	
11	2368968	e8db840b-3e1c-5f74-9b4f-9f912781aeb6	tr	turkey	
11	2368968	a85af60b-be6b-5eea-a004-b81200abe14d		indonesia	
11	2368968	b46cd7ca-aeea-5c92-bb00-b15db1194c01		philippines	
11	2368968	ead51f68-5c79-57ec-ba97-6880c7320021		philippines	
11	2368968	4f1b5a87-37ed-5c5f-a01e-23820b4be76d	el	greece	
11	2368968	daf8e0a3-91e5-522a-8272-e5d8eea4f54d		taiwan	
11	2368968	a6eeec6a-3ee2-5357-ae9f-5ad1953d952c	hr	croatia	
11	2368968	6fef1e06-9b6e-5701-bf3a-ea53f8591239	ar	egypt	
11	2368968	072fb7fb-ce50-5dc3-a356-a0232add57ee		philippines	
11	2368968	d8d6e98a-4576-525b-a3e6-3f95524f5e88	so	somalia	
11	2368968	e8d081b4-e7fe-564a-922b-d500643306a7		philippines	
11	2368968	86f4e119-6e67-5be9-b181-ddad48af672f	it	italy	
11	2368968	fdb33ffd-7d52-5c0e-b2f3-ce69bb0a4620	fj	fiji	
11	2368968	471cb77d-dc4d-5d1d-9e67-885f3dd2dcdd	ar	oman	
3	165466	1f629a51-3343-52fc-a7e7-df78a7ed5ca4	English		
2	807275	8502149a-aac7-5aae-b8e7-86828cd5bb7e	en		
3	936188	1e99f696-56eb-5c0c-82a3-4d61916db01d	English		
6	446880s	d9b0a121-d945-55e5-9259-8ed6b5b5253c	en		
170	1935089	a026fca9-130e-5128-a548-c60daed77110			
170	1935089	b67b5dde-039c-523b-b0a1-a7930f09b9fa			
163	16529	a026fca9-130e-5128-a548-c60daed77110	eng		
163	16529	a3a42c02-f777-5863-83f1-32f4ef1e49b9	eng		
12	40281374	53f9f8c7-58f4-58e0-aa1f-d9e31e80ae5e			
12	36393982	2ee259b8-9bba-5b9d-a65f-7c5c2c09079b	en		
12	36393982	90e63b8d-d932-5943-9005-344a82bc916b	en		
11	2442326	1dbfe553-5249-5d91-8e9f-6b03f68a6152	ja		
11	2442326	841ed7a6-e716-5c7c-b37b-d7ae5c6c0a66	hu		
11	2442326	a3a42c02-f777-5863-83f1-32f4ef1e49b9	en		
11	2442326	a026fca9-130e-5128-a548-c60daed77110	en		
3	551820	a026fca9-130e-5128-a548-c60daed77110	English		
1	13201995	b67b5dde-039c-523b-b0a1-a7930f09b9fa	En		
1	13201995	a026fca9-130e-5128-a548-c60daed77110	En		
12	40310998	b9030f9d-77d6-54bf-bc5a-4be6c6e1ccac	en		
12	34325738	655484a2-3aab-5990-aab9-dfb71d60bb31	en		
11	1171	78f26a6b-db09-55f5-8927-21b7f53f68e6	cs		
11	1171	10e7d1af-624f-591d-93ef-42fccb6ef6e1	fa		
11	1171	aad3ce11-1e0c-5102-9bf8-be836f2a69ba	vi		
11	1171	60700318-163e-56ab-8646-d4088b6a50bb	ja		
11	1171	3797fca5-d874-5ebf-a4a4-8e7a9b620bf5	ko		
11	1171	afbf144a-3d54-55b3-9db1-93272dfa5ddb	hu		
11	1171	5db12109-c557-520b-9f2a-98c93784062e	pl		
11	1171	59483225-0045-5485-9c28-be6a79555c26	ca		
11	1171	fe229b13-71f0-53a8-b563-873005fa60ff	ru		
11	1171	c957173c-fcf4-5f66-b136-99df6b93e588	da		
11	1171	7b4933c6-8e9c-5f42-9f7c-8024764285d7	zh		
11	1171	4db60789-7335-5f60-b30c-73c7863048e6	de		
11	2284037	0372fa30-c98e-513a-971f-b9c428cc1321	pl		
